employeeId,employeeName,companyName,companyId,department,designation
Tcs27       ,Tcs 1  ,Tcs    ,Tcs26  ,QA     ,Junior 
Tcs22       ,Tcs 2  ,Tcs    ,Tcs18  ,QA     ,HR     
Tcs5        ,Tcs 3  ,Tcs    ,Tcs0   ,DEV    ,Junior 
Tcs32       ,Tcs 4  ,Tcs    ,Tcs10  ,QA     ,HR     
Tcs11       ,Tcs 5  ,Tcs    ,Tcs17  ,MANAGEMENT,Junior 
Tcs13       ,Tcs 6  ,Tcs    ,Tcs4   ,DEV    ,HR     
Tcs12       ,Tcs 7  ,Tcs    ,Tcs2   ,MANAGEMENT,SeniorHR
Tcs2        ,Tcs 8  ,Tcs    ,Tcs31  ,MANAGEMENT,HR     
Tcs3        ,Tcs 9  ,Tcs    ,Tcs9   ,QA     ,HR     
Tcs22       ,Tcs 10 ,Tcs    ,Tcs4   ,DEV    ,HR     
Tcs8        ,Tcs 11 ,Tcs    ,Tcs2   ,DEV    ,SeniorHR
Tcs17       ,Tcs 12 ,Tcs    ,Tcs16  ,MANAGEMENT,QA     
Tcs22       ,Tcs 13 ,Tcs    ,Tcs20  ,DEV    ,HR     
Tcs3        ,Tcs 14 ,Tcs    ,Tcs25  ,TESTING,SOFTWATEDEVELOPER
Tcs18       ,Tcs 15 ,Tcs    ,Tcs11  ,QA     ,SOFTWATEDEVELOPER
Tcs20       ,Tcs 16 ,Tcs    ,Tcs4   ,DEV    ,HR     
Tcs5        ,Tcs 17 ,Tcs    ,Tcs30  ,MANAGEMENT,SOFTWATEDEVELOPER
Tcs17       ,Tcs 18 ,Tcs    ,Tcs7   ,TESTING,HR     
Tcs6        ,Tcs 19 ,Tcs    ,Tcs16  ,MANAGEMENT,HR     
Tcs25       ,Tcs 20 ,Tcs    ,Tcs23  ,QA     ,QA     
Tcs4        ,Tcs 21 ,Tcs    ,Tcs0   ,MANAGEMENT,SeniorHR
Tcs23       ,Tcs 22 ,Tcs    ,Tcs18  ,DEV    ,HR     
Tcs23       ,Tcs 23 ,Tcs    ,Tcs3   ,MANAGEMENT,HR     
Tcs15       ,Tcs 24 ,Tcs    ,Tcs22  ,QA     ,Junior 
Tcs26       ,Tcs 25 ,Tcs    ,Tcs5   ,DEV    ,SOFTWATEDEVELOPER
Tcs16       ,Tcs 26 ,Tcs    ,Tcs8   ,TESTING,SeniorHR
Tcs2        ,Tcs 27 ,Tcs    ,Tcs1   ,HR     ,SOFTWATEDEVELOPER
Tcs27       ,Tcs 28 ,Tcs    ,Tcs7   ,MANAGEMENT,QA     
Tcs19       ,Tcs 29 ,Tcs    ,Tcs26  ,TESTING,SOFTWATEDEVELOPER
Tcs8        ,Tcs 30 ,Tcs    ,Tcs26  ,TESTING,SeniorHR
Tcs21       ,Tcs 31 ,Tcs    ,Tcs20  ,MANAGEMENT,SeniorHR
Tcs13       ,Tcs 32 ,Tcs    ,Tcs6   ,QA     ,SeniorHR
Tcs25       ,Tcs 33 ,Tcs    ,Tcs26  ,TESTING,SOFTWATEDEVELOPER
Tcs12       ,Tcs 34 ,Tcs    ,Tcs4   ,DEV    ,QA     
Tcs19       ,Tcs 35 ,Tcs    ,Tcs14  ,DEV    ,SOFTWATEDEVELOPER
Tcs16       ,Tcs 36 ,Tcs    ,Tcs21  ,TESTING,SeniorHR
Tcs6        ,Tcs 37 ,Tcs    ,Tcs32  ,QA     ,SOFTWATEDEVELOPER
Tcs6        ,Tcs 38 ,Tcs    ,Tcs3   ,MANAGEMENT,QA     
Tcs21       ,Tcs 39 ,Tcs    ,Tcs24  ,MANAGEMENT,QA     
Tcs9        ,Tcs 40 ,Tcs    ,Tcs0   ,HR     ,QA     
Tcs10       ,Tcs 41 ,Tcs    ,Tcs18  ,MANAGEMENT,Junior 
Tcs22       ,Tcs 42 ,Tcs    ,Tcs9   ,TESTING,SeniorHR
Tcs14       ,Tcs 43 ,Tcs    ,Tcs20  ,HR     ,QA     
Tcs14       ,Tcs 44 ,Tcs    ,Tcs27  ,HR     ,QA     
Tcs4        ,Tcs 45 ,Tcs    ,Tcs16  ,DEV    ,SeniorHR
Tcs15       ,Tcs 46 ,Tcs    ,Tcs1   ,DEV    ,SOFTWATEDEVELOPER
Tcs30       ,Tcs 47 ,Tcs    ,Tcs18  ,MANAGEMENT,SOFTWATEDEVELOPER
Tcs5        ,Tcs 48 ,Tcs    ,Tcs16  ,TESTING,SeniorHR
Tcs13       ,Tcs 49 ,Tcs    ,Tcs16  ,DEV    ,QA     
Tcs26       ,Tcs 50 ,Tcs    ,Tcs15  ,MANAGEMENT,QA     
Tcs16       ,Tcs 51 ,Tcs    ,Tcs8   ,DEV    ,SeniorHR
Tcs3        ,Tcs 52 ,Tcs    ,Tcs2   ,TESTING,QA     
Tcs21       ,Tcs 53 ,Tcs    ,Tcs32  ,QA     ,QA     
Tcs26       ,Tcs 54 ,Tcs    ,Tcs20  ,TESTING,HR     
Tcs8        ,Tcs 55 ,Tcs    ,Tcs6   ,HR     ,Junior 
Tcs10       ,Tcs 56 ,Tcs    ,Tcs28  ,DEV    ,QA     
Tcs2        ,Tcs 57 ,Tcs    ,Tcs13  ,DEV    ,QA     
Tcs16       ,Tcs 58 ,Tcs    ,Tcs4   ,HR     ,SOFTWATEDEVELOPER
Tcs22       ,Tcs 59 ,Tcs    ,Tcs9   ,MANAGEMENT,HR     
Tcs25       ,Tcs 60 ,Tcs    ,Tcs24  ,TESTING,QA     
Tcs0        ,Tcs 61 ,Tcs    ,Tcs5   ,MANAGEMENT,HR     
Tcs24       ,Tcs 62 ,Tcs    ,Tcs25  ,MANAGEMENT,SOFTWATEDEVELOPER
Tcs2        ,Tcs 63 ,Tcs    ,Tcs3   ,QA     ,SOFTWATEDEVELOPER
Tcs11       ,Tcs 64 ,Tcs    ,Tcs23  ,QA     ,SOFTWATEDEVELOPER
Tcs31       ,Tcs 65 ,Tcs    ,Tcs11  ,TESTING,SOFTWATEDEVELOPER
Tcs21       ,Tcs 66 ,Tcs    ,Tcs19  ,DEV    ,SeniorHR
Tcs25       ,Tcs 67 ,Tcs    ,Tcs2   ,HR     ,SeniorHR
Tcs21       ,Tcs 68 ,Tcs    ,Tcs6   ,TESTING,SeniorHR
Tcs21       ,Tcs 69 ,Tcs    ,Tcs7   ,HR     ,Junior 
Tcs29       ,Tcs 70 ,Tcs    ,Tcs3   ,HR     ,HR     
Tcs20       ,Tcs 71 ,Tcs    ,Tcs19  ,MANAGEMENT,HR     
Tcs14       ,Tcs 72 ,Tcs    ,Tcs19  ,DEV    ,QA     
Tcs22       ,Tcs 73 ,Tcs    ,Tcs10  ,DEV    ,SeniorHR
Tcs7        ,Tcs 74 ,Tcs    ,Tcs28  ,DEV    ,SeniorHR
Tcs27       ,Tcs 75 ,Tcs    ,Tcs14  ,TESTING,SOFTWATEDEVELOPER
Tcs21       ,Tcs 76 ,Tcs    ,Tcs9   ,HR     ,QA     
Tcs20       ,Tcs 77 ,Tcs    ,Tcs5   ,MANAGEMENT,Junior 
Tcs21       ,Tcs 78 ,Tcs    ,Tcs14  ,QA     ,QA     
Tcs5        ,Tcs 79 ,Tcs    ,Tcs6   ,HR     ,Junior 
Tcs24       ,Tcs 80 ,Tcs    ,Tcs30  ,HR     ,HR     
Tcs25       ,Tcs 81 ,Tcs    ,Tcs4   ,MANAGEMENT,HR     
Tcs30       ,Tcs 82 ,Tcs    ,Tcs1   ,DEV    ,SOFTWATEDEVELOPER
Tcs1        ,Tcs 83 ,Tcs    ,Tcs20  ,DEV    ,SeniorHR
Tcs22       ,Tcs 84 ,Tcs    ,Tcs17  ,QA     ,HR     
Tcs15       ,Tcs 85 ,Tcs    ,Tcs31  ,QA     ,HR     
Tcs20       ,Tcs 86 ,Tcs    ,Tcs6   ,DEV    ,HR     
Tcs19       ,Tcs 87 ,Tcs    ,Tcs13  ,DEV    ,Junior 
Tcs26       ,Tcs 88 ,Tcs    ,Tcs4   ,QA     ,QA     
Tcs12       ,Tcs 89 ,Tcs    ,Tcs6   ,MANAGEMENT,SeniorHR
Tcs14       ,Tcs 90 ,Tcs    ,Tcs25  ,MANAGEMENT,SeniorHR
Tcs29       ,Tcs 91 ,Tcs    ,Tcs4   ,HR     ,Junior 
Tcs4        ,Tcs 92 ,Tcs    ,Tcs8   ,HR     ,SOFTWATEDEVELOPER
Tcs17       ,Tcs 93 ,Tcs    ,Tcs24  ,TESTING,SOFTWATEDEVELOPER
Tcs4        ,Tcs 94 ,Tcs    ,Tcs26  ,TESTING,SeniorHR
Tcs26       ,Tcs 95 ,Tcs    ,Tcs19  ,QA     ,SeniorHR
Tcs24       ,Tcs 96 ,Tcs    ,Tcs8   ,HR     ,QA     
Tcs30       ,Tcs 97 ,Tcs    ,Tcs12  ,HR     ,SeniorHR
Tcs20       ,Tcs 98 ,Tcs    ,Tcs5   ,MANAGEMENT,SOFTWATEDEVELOPER
Tcs32       ,Tcs 99 ,Tcs    ,Tcs7   ,DEV    ,SeniorHR
Tcs4        ,Tcs 100,Tcs    ,Tcs10  ,HR     ,HR     
Tcs7        ,Tcs 101,Tcs    ,Tcs21  ,TESTING,Junior 
Tcs18       ,Tcs 102,Tcs    ,Tcs30  ,QA     ,SeniorHR
Tcs20       ,Tcs 103,Tcs    ,Tcs10  ,QA     ,QA     
Tcs0        ,Tcs 104,Tcs    ,Tcs15  ,MANAGEMENT,SOFTWATEDEVELOPER
Tcs4        ,Tcs 105,Tcs    ,Tcs6   ,HR     ,SOFTWATEDEVELOPER
Tcs5        ,Tcs 106,Tcs    ,Tcs22  ,HR     ,HR     
Tcs27       ,Tcs 107,Tcs    ,Tcs29  ,QA     ,QA     
Tcs14       ,Tcs 108,Tcs    ,Tcs3   ,TESTING,SeniorHR
Tcs16       ,Tcs 109,Tcs    ,Tcs14  ,DEV    ,Junior 
Tcs25       ,Tcs 110,Tcs    ,Tcs31  ,DEV    ,QA     
Tcs19       ,Tcs 111,Tcs    ,Tcs17  ,MANAGEMENT,HR     
Tcs15       ,Tcs 112,Tcs    ,Tcs1   ,QA     ,SeniorHR
Tcs13       ,Tcs 113,Tcs    ,Tcs24  ,DEV    ,QA     
Tcs8        ,Tcs 114,Tcs    ,Tcs11  ,HR     ,SeniorHR
Tcs21       ,Tcs 115,Tcs    ,Tcs3   ,DEV    ,SOFTWATEDEVELOPER
Tcs5        ,Tcs 116,Tcs    ,Tcs29  ,HR     ,SeniorHR
Tcs28       ,Tcs 117,Tcs    ,Tcs7   ,DEV    ,SeniorHR
Tcs5        ,Tcs 118,Tcs    ,Tcs23  ,MANAGEMENT,HR     
Tcs28       ,Tcs 119,Tcs    ,Tcs2   ,HR     ,SOFTWATEDEVELOPER
Tcs27       ,Tcs 120,Tcs    ,Tcs23  ,MANAGEMENT,SOFTWATEDEVELOPER
Tcs7        ,Tcs 121,Tcs    ,Tcs8   ,TESTING,SOFTWATEDEVELOPER
Tcs25       ,Tcs 122,Tcs    ,Tcs16  ,DEV    ,Junior 
Tcs8        ,Tcs 123,Tcs    ,Tcs24  ,TESTING,SOFTWATEDEVELOPER
Tcs23       ,Tcs 124,Tcs    ,Tcs22  ,MANAGEMENT,SOFTWATEDEVELOPER
Tcs13       ,Tcs 125,Tcs    ,Tcs11  ,TESTING,HR     
Tcs23       ,Tcs 126,Tcs    ,Tcs2   ,DEV    ,SOFTWATEDEVELOPER
Tcs30       ,Tcs 127,Tcs    ,Tcs4   ,HR     ,Junior 
Tcs5        ,Tcs 128,Tcs    ,Tcs18  ,QA     ,QA     
Tcs6        ,Tcs 129,Tcs    ,Tcs14  ,TESTING,QA     
Tcs12       ,Tcs 130,Tcs    ,Tcs15  ,QA     ,HR     
Tcs32       ,Tcs 131,Tcs    ,Tcs6   ,DEV    ,SeniorHR
Tcs8        ,Tcs 132,Tcs    ,Tcs5   ,TESTING,Junior 
Tcs7        ,Tcs 133,Tcs    ,Tcs15  ,DEV    ,SeniorHR
Tcs8        ,Tcs 134,Tcs    ,Tcs22  ,HR     ,Junior 
Tcs29       ,Tcs 135,Tcs    ,Tcs27  ,QA     ,SOFTWATEDEVELOPER
Tcs13       ,Tcs 136,Tcs    ,Tcs1   ,MANAGEMENT,SOFTWATEDEVELOPER
Tcs1        ,Tcs 137,Tcs    ,Tcs17  ,TESTING,HR     
Tcs7        ,Tcs 138,Tcs    ,Tcs30  ,DEV    ,QA     
Tcs19       ,Tcs 139,Tcs    ,Tcs2   ,DEV    ,SeniorHR
Tcs25       ,Tcs 140,Tcs    ,Tcs30  ,TESTING,SOFTWATEDEVELOPER
Tcs21       ,Tcs 141,Tcs    ,Tcs29  ,MANAGEMENT,SOFTWATEDEVELOPER
Tcs10       ,Tcs 142,Tcs    ,Tcs7   ,QA     ,SeniorHR
Tcs11       ,Tcs 143,Tcs    ,Tcs9   ,HR     ,SeniorHR
Tcs23       ,Tcs 144,Tcs    ,Tcs4   ,MANAGEMENT,QA     
Tcs6        ,Tcs 145,Tcs    ,Tcs19  ,DEV    ,SOFTWATEDEVELOPER
Tcs22       ,Tcs 146,Tcs    ,Tcs6   ,MANAGEMENT,HR     
Tcs5        ,Tcs 147,Tcs    ,Tcs9   ,MANAGEMENT,Junior 
Tcs13       ,Tcs 148,Tcs    ,Tcs18  ,DEV    ,QA     
Tcs13       ,Tcs 149,Tcs    ,Tcs32  ,MANAGEMENT,SeniorHR
Tcs3        ,Tcs 150,Tcs    ,Tcs9   ,DEV    ,QA     
Tcs28       ,Tcs 151,Tcs    ,Tcs32  ,MANAGEMENT,QA     
Tcs30       ,Tcs 152,Tcs    ,Tcs25  ,DEV    ,SeniorHR
Tcs3        ,Tcs 153,Tcs    ,Tcs10  ,DEV    ,Junior 
Tcs17       ,Tcs 154,Tcs    ,Tcs22  ,HR     ,SeniorHR
Tcs31       ,Tcs 155,Tcs    ,Tcs20  ,TESTING,Junior 
Tcs11       ,Tcs 156,Tcs    ,Tcs15  ,HR     ,SOFTWATEDEVELOPER
Tcs30       ,Tcs 157,Tcs    ,Tcs0   ,HR     ,SOFTWATEDEVELOPER
Tcs4        ,Tcs 158,Tcs    ,Tcs14  ,MANAGEMENT,QA     
Tcs7        ,Tcs 159,Tcs    ,Tcs18  ,MANAGEMENT,SOFTWATEDEVELOPER
Tcs9        ,Tcs 160,Tcs    ,Tcs32  ,DEV    ,HR     
Tcs2        ,Tcs 161,Tcs    ,Tcs13  ,HR     ,Junior 
Tcs8        ,Tcs 162,Tcs    ,Tcs6   ,TESTING,SOFTWATEDEVELOPER
Tcs29       ,Tcs 163,Tcs    ,Tcs18  ,TESTING,SeniorHR
Tcs25       ,Tcs 164,Tcs    ,Tcs12  ,TESTING,HR     
Tcs29       ,Tcs 165,Tcs    ,Tcs4   ,HR     ,QA     
Tcs21       ,Tcs 166,Tcs    ,Tcs16  ,DEV    ,SOFTWATEDEVELOPER
Tcs16       ,Tcs 167,Tcs    ,Tcs13  ,MANAGEMENT,QA     
Tcs26       ,Tcs 168,Tcs    ,Tcs13  ,HR     ,QA     
Tcs8        ,Tcs 169,Tcs    ,Tcs4   ,MANAGEMENT,QA     
Tcs13       ,Tcs 170,Tcs    ,Tcs32  ,TESTING,SOFTWATEDEVELOPER
Tcs19       ,Tcs 171,Tcs    ,Tcs13  ,MANAGEMENT,SeniorHR
Tcs28       ,Tcs 172,Tcs    ,Tcs11  ,HR     ,QA     
Tcs3        ,Tcs 173,Tcs    ,Tcs16  ,MANAGEMENT,Junior 
Tcs31       ,Tcs 174,Tcs    ,Tcs16  ,QA     ,SeniorHR
Tcs2        ,Tcs 175,Tcs    ,Tcs13  ,TESTING,QA     
Tcs8        ,Tcs 176,Tcs    ,Tcs15  ,MANAGEMENT,SeniorHR
Tcs13       ,Tcs 177,Tcs    ,Tcs20  ,DEV    ,SOFTWATEDEVELOPER
Tcs13       ,Tcs 178,Tcs    ,Tcs17  ,MANAGEMENT,QA     
Tcs19       ,Tcs 179,Tcs    ,Tcs10  ,DEV    ,HR     
Tcs22       ,Tcs 180,Tcs    ,Tcs24  ,MANAGEMENT,Junior 
Tcs9        ,Tcs 181,Tcs    ,Tcs3   ,MANAGEMENT,HR     
Tcs19       ,Tcs 182,Tcs    ,Tcs0   ,MANAGEMENT,SOFTWATEDEVELOPER
Tcs13       ,Tcs 183,Tcs    ,Tcs11  ,MANAGEMENT,QA     
Tcs13       ,Tcs 184,Tcs    ,Tcs23  ,TESTING,Junior 
Tcs16       ,Tcs 185,Tcs    ,Tcs9   ,HR     ,HR     
Tcs3        ,Tcs 186,Tcs    ,Tcs16  ,TESTING,SeniorHR
Tcs17       ,Tcs 187,Tcs    ,Tcs30  ,TESTING,SOFTWATEDEVELOPER
Tcs6        ,Tcs 188,Tcs    ,Tcs16  ,MANAGEMENT,HR     
Tcs19       ,Tcs 189,Tcs    ,Tcs13  ,TESTING,Junior 
Tcs20       ,Tcs 190,Tcs    ,Tcs20  ,MANAGEMENT,HR     
Tcs20       ,Tcs 191,Tcs    ,Tcs15  ,DEV    ,Junior 
Tcs22       ,Tcs 192,Tcs    ,Tcs32  ,TESTING,QA     
Tcs27       ,Tcs 193,Tcs    ,Tcs5   ,QA     ,HR     
Tcs18       ,Tcs 194,Tcs    ,Tcs18  ,HR     ,SOFTWATEDEVELOPER
Tcs22       ,Tcs 195,Tcs    ,Tcs9   ,QA     ,SOFTWATEDEVELOPER
Tcs15       ,Tcs 196,Tcs    ,Tcs10  ,TESTING,QA     
Tcs15       ,Tcs 197,Tcs    ,Tcs17  ,DEV    ,Junior 
Tcs5        ,Tcs 198,Tcs    ,Tcs10  ,TESTING,QA     
Tcs12       ,Tcs 199,Tcs    ,Tcs26  ,QA     ,SOFTWATEDEVELOPER
Tcs8        ,Tcs 200,Tcs    ,Tcs11  ,MANAGEMENT,SeniorHR
Wipro4      ,Wipro 1,Wipro  ,Wipro26,TESTING,SeniorHR
Wipro27     ,Wipro 2,Wipro  ,Wipro14,HR     ,HR     
Wipro30     ,Wipro 3,Wipro  ,Wipro6 ,QA     ,HR     
Wipro5      ,Wipro 4,Wipro  ,Wipro14,MANAGEMENT,Junior 
Wipro15     ,Wipro 5,Wipro  ,Wipro27,HR     ,Junior 
Wipro19     ,Wipro 6,Wipro  ,Wipro28,TESTING,SeniorHR
Wipro30     ,Wipro 7,Wipro  ,Wipro29,TESTING,HR     
Wipro29     ,Wipro 8,Wipro  ,Wipro23,HR     ,SOFTWATEDEVELOPER
Wipro29     ,Wipro 9,Wipro  ,Wipro12,TESTING,QA     
Wipro5      ,Wipro 10,Wipro  ,Wipro2 ,TESTING,QA     
Wipro25     ,Wipro 11,Wipro  ,Wipro10,HR     ,SeniorHR
Wipro17     ,Wipro 12,Wipro  ,Wipro32,MANAGEMENT,HR     
Wipro21     ,Wipro 13,Wipro  ,Wipro7 ,TESTING,SeniorHR
Wipro19     ,Wipro 14,Wipro  ,Wipro18,TESTING,HR     
Wipro9      ,Wipro 15,Wipro  ,Wipro27,TESTING,QA     
Wipro28     ,Wipro 16,Wipro  ,Wipro27,DEV    ,HR     
Wipro5      ,Wipro 17,Wipro  ,Wipro1 ,TESTING,SOFTWATEDEVELOPER
Wipro30     ,Wipro 18,Wipro  ,Wipro31,MANAGEMENT,HR     
Wipro8      ,Wipro 19,Wipro  ,Wipro7 ,DEV    ,HR     
Wipro27     ,Wipro 20,Wipro  ,Wipro1 ,HR     ,QA     
Wipro2      ,Wipro 21,Wipro  ,Wipro10,QA     ,SOFTWATEDEVELOPER
Wipro6      ,Wipro 22,Wipro  ,Wipro20,HR     ,HR     
Wipro28     ,Wipro 23,Wipro  ,Wipro7 ,TESTING,HR     
Wipro18     ,Wipro 24,Wipro  ,Wipro20,MANAGEMENT,QA     
Wipro31     ,Wipro 25,Wipro  ,Wipro26,DEV    ,SeniorHR
Wipro16     ,Wipro 26,Wipro  ,Wipro1 ,DEV    ,SOFTWATEDEVELOPER
Wipro12     ,Wipro 27,Wipro  ,Wipro4 ,HR     ,HR     
Wipro5      ,Wipro 28,Wipro  ,Wipro8 ,TESTING,HR     
Wipro26     ,Wipro 29,Wipro  ,Wipro18,MANAGEMENT,SeniorHR
Wipro4      ,Wipro 30,Wipro  ,Wipro22,HR     ,SeniorHR
Wipro30     ,Wipro 31,Wipro  ,Wipro5 ,MANAGEMENT,SOFTWATEDEVELOPER
Wipro12     ,Wipro 32,Wipro  ,Wipro16,MANAGEMENT,SOFTWATEDEVELOPER
Wipro7      ,Wipro 33,Wipro  ,Wipro14,DEV    ,Junior 
Wipro24     ,Wipro 34,Wipro  ,Wipro18,TESTING,Junior 
Wipro32     ,Wipro 35,Wipro  ,Wipro0 ,DEV    ,Junior 
Wipro14     ,Wipro 36,Wipro  ,Wipro24,HR     ,SOFTWATEDEVELOPER
Wipro26     ,Wipro 37,Wipro  ,Wipro11,TESTING,Junior 
Wipro25     ,Wipro 38,Wipro  ,Wipro15,QA     ,HR     
Wipro24     ,Wipro 39,Wipro  ,Wipro25,TESTING,HR     
Wipro4      ,Wipro 40,Wipro  ,Wipro21,DEV    ,QA     
Wipro10     ,Wipro 41,Wipro  ,Wipro17,HR     ,SOFTWATEDEVELOPER
Wipro31     ,Wipro 42,Wipro  ,Wipro12,TESTING,HR     
Wipro3      ,Wipro 43,Wipro  ,Wipro27,TESTING,Junior 
Wipro14     ,Wipro 44,Wipro  ,Wipro31,HR     ,Junior 
Wipro0      ,Wipro 45,Wipro  ,Wipro8 ,MANAGEMENT,Junior 
Wipro31     ,Wipro 46,Wipro  ,Wipro26,MANAGEMENT,SOFTWATEDEVELOPER
Wipro21     ,Wipro 47,Wipro  ,Wipro0 ,DEV    ,QA     
Wipro0      ,Wipro 48,Wipro  ,Wipro3 ,MANAGEMENT,HR     
Wipro22     ,Wipro 49,Wipro  ,Wipro12,QA     ,QA     
Wipro20     ,Wipro 50,Wipro  ,Wipro13,QA     ,HR     
Wipro28     ,Wipro 51,Wipro  ,Wipro9 ,MANAGEMENT,QA     
Wipro30     ,Wipro 52,Wipro  ,Wipro21,MANAGEMENT,SOFTWATEDEVELOPER
Wipro22     ,Wipro 53,Wipro  ,Wipro11,DEV    ,QA     
Wipro24     ,Wipro 54,Wipro  ,Wipro9 ,MANAGEMENT,SeniorHR
Wipro22     ,Wipro 55,Wipro  ,Wipro11,HR     ,QA     
Wipro3      ,Wipro 56,Wipro  ,Wipro16,DEV    ,QA     
Wipro31     ,Wipro 57,Wipro  ,Wipro6 ,TESTING,Junior 
Wipro6      ,Wipro 58,Wipro  ,Wipro6 ,TESTING,SOFTWATEDEVELOPER
Wipro19     ,Wipro 59,Wipro  ,Wipro16,HR     ,SOFTWATEDEVELOPER
Wipro29     ,Wipro 60,Wipro  ,Wipro30,MANAGEMENT,QA     
Wipro5      ,Wipro 61,Wipro  ,Wipro16,DEV    ,SOFTWATEDEVELOPER
Wipro26     ,Wipro 62,Wipro  ,Wipro0 ,TESTING,SeniorHR
Wipro14     ,Wipro 63,Wipro  ,Wipro8 ,DEV    ,HR     
Wipro10     ,Wipro 64,Wipro  ,Wipro24,DEV    ,HR     
Wipro1      ,Wipro 65,Wipro  ,Wipro29,HR     ,SOFTWATEDEVELOPER
Wipro6      ,Wipro 66,Wipro  ,Wipro26,TESTING,SeniorHR
Wipro25     ,Wipro 67,Wipro  ,Wipro22,DEV    ,HR     
Wipro2      ,Wipro 68,Wipro  ,Wipro9 ,QA     ,SOFTWATEDEVELOPER
Wipro16     ,Wipro 69,Wipro  ,Wipro3 ,QA     ,SeniorHR
Wipro5      ,Wipro 70,Wipro  ,Wipro19,HR     ,QA     
Wipro20     ,Wipro 71,Wipro  ,Wipro1 ,QA     ,QA     
Wipro32     ,Wipro 72,Wipro  ,Wipro10,DEV    ,QA     
Wipro6      ,Wipro 73,Wipro  ,Wipro27,QA     ,Junior 
Wipro29     ,Wipro 74,Wipro  ,Wipro4 ,QA     ,HR     
Wipro30     ,Wipro 75,Wipro  ,Wipro28,MANAGEMENT,Junior 
Wipro23     ,Wipro 76,Wipro  ,Wipro11,DEV    ,Junior 
Wipro21     ,Wipro 77,Wipro  ,Wipro14,QA     ,HR     
Wipro32     ,Wipro 78,Wipro  ,Wipro23,HR     ,SeniorHR
Wipro23     ,Wipro 79,Wipro  ,Wipro2 ,HR     ,Junior 
Wipro5      ,Wipro 80,Wipro  ,Wipro20,TESTING,SeniorHR
Wipro13     ,Wipro 81,Wipro  ,Wipro14,HR     ,HR     
Wipro22     ,Wipro 82,Wipro  ,Wipro19,MANAGEMENT,HR     
Wipro10     ,Wipro 83,Wipro  ,Wipro12,QA     ,HR     
Wipro23     ,Wipro 84,Wipro  ,Wipro2 ,DEV    ,HR     
Wipro23     ,Wipro 85,Wipro  ,Wipro15,DEV    ,SeniorHR
Wipro19     ,Wipro 86,Wipro  ,Wipro2 ,MANAGEMENT,SeniorHR
Wipro21     ,Wipro 87,Wipro  ,Wipro4 ,DEV    ,QA     
Wipro0      ,Wipro 88,Wipro  ,Wipro19,DEV    ,HR     
Wipro11     ,Wipro 89,Wipro  ,Wipro13,QA     ,HR     
Wipro10     ,Wipro 90,Wipro  ,Wipro2 ,TESTING,Junior 
Wipro19     ,Wipro 91,Wipro  ,Wipro12,MANAGEMENT,SeniorHR
Wipro1      ,Wipro 92,Wipro  ,Wipro28,QA     ,SOFTWATEDEVELOPER
Wipro27     ,Wipro 93,Wipro  ,Wipro27,TESTING,SOFTWATEDEVELOPER
Wipro10     ,Wipro 94,Wipro  ,Wipro32,MANAGEMENT,HR     
Wipro18     ,Wipro 95,Wipro  ,Wipro18,QA     ,SeniorHR
Wipro9      ,Wipro 96,Wipro  ,Wipro0 ,DEV    ,SOFTWATEDEVELOPER
Wipro5      ,Wipro 97,Wipro  ,Wipro12,MANAGEMENT,HR     
Wipro12     ,Wipro 98,Wipro  ,Wipro31,MANAGEMENT,SOFTWATEDEVELOPER
Wipro32     ,Wipro 99,Wipro  ,Wipro8 ,MANAGEMENT,HR     
Wipro6      ,Wipro 100,Wipro  ,Wipro9 ,TESTING,SOFTWATEDEVELOPER
Wipro13     ,Wipro 101,Wipro  ,Wipro22,HR     ,Junior 
Wipro4      ,Wipro 102,Wipro  ,Wipro16,MANAGEMENT,HR     
Wipro18     ,Wipro 103,Wipro  ,Wipro12,QA     ,SOFTWATEDEVELOPER
Wipro15     ,Wipro 104,Wipro  ,Wipro31,QA     ,SeniorHR
Wipro0      ,Wipro 105,Wipro  ,Wipro5 ,TESTING,SOFTWATEDEVELOPER
Wipro29     ,Wipro 106,Wipro  ,Wipro14,DEV    ,QA     
Wipro29     ,Wipro 107,Wipro  ,Wipro27,QA     ,Junior 
Wipro1      ,Wipro 108,Wipro  ,Wipro21,HR     ,HR     
Wipro3      ,Wipro 109,Wipro  ,Wipro27,HR     ,SeniorHR
Wipro32     ,Wipro 110,Wipro  ,Wipro5 ,TESTING,SOFTWATEDEVELOPER
Wipro13     ,Wipro 111,Wipro  ,Wipro19,QA     ,QA     
Wipro8      ,Wipro 112,Wipro  ,Wipro6 ,HR     ,Junior 
Wipro16     ,Wipro 113,Wipro  ,Wipro11,HR     ,Junior 
Wipro28     ,Wipro 114,Wipro  ,Wipro26,MANAGEMENT,QA     
Wipro14     ,Wipro 115,Wipro  ,Wipro4 ,DEV    ,HR     
Wipro25     ,Wipro 116,Wipro  ,Wipro30,DEV    ,QA     
Wipro8      ,Wipro 117,Wipro  ,Wipro14,QA     ,SOFTWATEDEVELOPER
Wipro26     ,Wipro 118,Wipro  ,Wipro5 ,TESTING,QA     
Wipro19     ,Wipro 119,Wipro  ,Wipro24,DEV    ,HR     
Wipro22     ,Wipro 120,Wipro  ,Wipro9 ,QA     ,SOFTWATEDEVELOPER
Wipro21     ,Wipro 121,Wipro  ,Wipro22,TESTING,SOFTWATEDEVELOPER
Wipro15     ,Wipro 122,Wipro  ,Wipro4 ,TESTING,HR     
Wipro31     ,Wipro 123,Wipro  ,Wipro5 ,HR     ,QA     
Wipro28     ,Wipro 124,Wipro  ,Wipro9 ,MANAGEMENT,SeniorHR
Wipro9      ,Wipro 125,Wipro  ,Wipro28,QA     ,QA     
Wipro18     ,Wipro 126,Wipro  ,Wipro18,DEV    ,HR     
Wipro25     ,Wipro 127,Wipro  ,Wipro10,TESTING,Junior 
Wipro18     ,Wipro 128,Wipro  ,Wipro19,DEV    ,Junior 
Wipro16     ,Wipro 129,Wipro  ,Wipro20,QA     ,Junior 
Wipro13     ,Wipro 130,Wipro  ,Wipro20,TESTING,Junior 
Wipro32     ,Wipro 131,Wipro  ,Wipro12,QA     ,SOFTWATEDEVELOPER
Wipro32     ,Wipro 132,Wipro  ,Wipro24,HR     ,HR     
Wipro28     ,Wipro 133,Wipro  ,Wipro25,HR     ,QA     
Wipro18     ,Wipro 134,Wipro  ,Wipro26,HR     ,Junior 
Wipro13     ,Wipro 135,Wipro  ,Wipro6 ,MANAGEMENT,Junior 
Wipro23     ,Wipro 136,Wipro  ,Wipro10,QA     ,HR     
Wipro29     ,Wipro 137,Wipro  ,Wipro0 ,DEV    ,HR     
Wipro21     ,Wipro 138,Wipro  ,Wipro25,HR     ,SOFTWATEDEVELOPER
Wipro15     ,Wipro 139,Wipro  ,Wipro19,MANAGEMENT,Junior 
Wipro29     ,Wipro 140,Wipro  ,Wipro20,DEV    ,Junior 
Wipro9      ,Wipro 141,Wipro  ,Wipro4 ,DEV    ,QA     
Wipro18     ,Wipro 142,Wipro  ,Wipro15,TESTING,SOFTWATEDEVELOPER
Wipro16     ,Wipro 143,Wipro  ,Wipro17,QA     ,Junior 
Wipro22     ,Wipro 144,Wipro  ,Wipro8 ,TESTING,SOFTWATEDEVELOPER
Wipro21     ,Wipro 145,Wipro  ,Wipro10,QA     ,QA     
Wipro12     ,Wipro 146,Wipro  ,Wipro26,QA     ,Junior 
Wipro22     ,Wipro 147,Wipro  ,Wipro11,DEV    ,QA     
Wipro32     ,Wipro 148,Wipro  ,Wipro31,DEV    ,QA     
Wipro28     ,Wipro 149,Wipro  ,Wipro30,MANAGEMENT,SeniorHR
Wipro2      ,Wipro 150,Wipro  ,Wipro29,MANAGEMENT,SeniorHR
Wipro14     ,Wipro 151,Wipro  ,Wipro21,QA     ,Junior 
Wipro2      ,Wipro 152,Wipro  ,Wipro29,MANAGEMENT,HR     
Wipro6      ,Wipro 153,Wipro  ,Wipro5 ,TESTING,SeniorHR
Wipro29     ,Wipro 154,Wipro  ,Wipro11,QA     ,SeniorHR
Wipro15     ,Wipro 155,Wipro  ,Wipro5 ,HR     ,HR     
Wipro4      ,Wipro 156,Wipro  ,Wipro21,QA     ,SeniorHR
Wipro10     ,Wipro 157,Wipro  ,Wipro29,DEV    ,SOFTWATEDEVELOPER
Wipro12     ,Wipro 158,Wipro  ,Wipro27,TESTING,SOFTWATEDEVELOPER
Wipro16     ,Wipro 159,Wipro  ,Wipro10,TESTING,SOFTWATEDEVELOPER
Wipro3      ,Wipro 160,Wipro  ,Wipro17,MANAGEMENT,SOFTWATEDEVELOPER
Wipro11     ,Wipro 161,Wipro  ,Wipro4 ,QA     ,QA     
Wipro13     ,Wipro 162,Wipro  ,Wipro21,MANAGEMENT,SeniorHR
Wipro9      ,Wipro 163,Wipro  ,Wipro11,HR     ,QA     
Wipro25     ,Wipro 164,Wipro  ,Wipro19,DEV    ,SOFTWATEDEVELOPER
Wipro30     ,Wipro 165,Wipro  ,Wipro4 ,MANAGEMENT,Junior 
Wipro17     ,Wipro 166,Wipro  ,Wipro8 ,MANAGEMENT,HR     
Wipro18     ,Wipro 167,Wipro  ,Wipro25,HR     ,SeniorHR
Wipro26     ,Wipro 168,Wipro  ,Wipro29,TESTING,QA     
Wipro5      ,Wipro 169,Wipro  ,Wipro10,MANAGEMENT,QA     
Wipro28     ,Wipro 170,Wipro  ,Wipro29,HR     ,SOFTWATEDEVELOPER
Wipro32     ,Wipro 171,Wipro  ,Wipro27,TESTING,Junior 
Wipro23     ,Wipro 172,Wipro  ,Wipro22,MANAGEMENT,QA     
Wipro0      ,Wipro 173,Wipro  ,Wipro25,MANAGEMENT,QA     
Wipro23     ,Wipro 174,Wipro  ,Wipro26,DEV    ,Junior 
Wipro9      ,Wipro 175,Wipro  ,Wipro13,DEV    ,SOFTWATEDEVELOPER
Wipro19     ,Wipro 176,Wipro  ,Wipro10,QA     ,SeniorHR
Wipro31     ,Wipro 177,Wipro  ,Wipro4 ,QA     ,SeniorHR
Wipro24     ,Wipro 178,Wipro  ,Wipro10,MANAGEMENT,Junior 
Wipro0      ,Wipro 179,Wipro  ,Wipro5 ,DEV    ,SOFTWATEDEVELOPER
Wipro26     ,Wipro 180,Wipro  ,Wipro26,QA     ,QA     
Wipro26     ,Wipro 181,Wipro  ,Wipro5 ,TESTING,Junior 
Wipro2      ,Wipro 182,Wipro  ,Wipro15,DEV    ,HR     
Wipro2      ,Wipro 183,Wipro  ,Wipro24,QA     ,SeniorHR
Wipro19     ,Wipro 184,Wipro  ,Wipro16,HR     ,SOFTWATEDEVELOPER
Wipro5      ,Wipro 185,Wipro  ,Wipro1 ,HR     ,SeniorHR
Wipro31     ,Wipro 186,Wipro  ,Wipro17,HR     ,SOFTWATEDEVELOPER
Wipro27     ,Wipro 187,Wipro  ,Wipro25,MANAGEMENT,SeniorHR
Wipro19     ,Wipro 188,Wipro  ,Wipro18,DEV    ,SeniorHR
Wipro25     ,Wipro 189,Wipro  ,Wipro13,MANAGEMENT,SeniorHR
Wipro24     ,Wipro 190,Wipro  ,Wipro20,DEV    ,SeniorHR
Wipro29     ,Wipro 191,Wipro  ,Wipro11,DEV    ,QA     
Wipro20     ,Wipro 192,Wipro  ,Wipro15,TESTING,SeniorHR
Wipro2      ,Wipro 193,Wipro  ,Wipro18,TESTING,SOFTWATEDEVELOPER
Wipro24     ,Wipro 194,Wipro  ,Wipro1 ,MANAGEMENT,HR     
Wipro32     ,Wipro 195,Wipro  ,Wipro29,DEV    ,HR     
Wipro17     ,Wipro 196,Wipro  ,Wipro23,QA     ,SeniorHR
Wipro14     ,Wipro 197,Wipro  ,Wipro6 ,QA     ,Junior 
Wipro21     ,Wipro 198,Wipro  ,Wipro21,MANAGEMENT,SeniorHR
Wipro23     ,Wipro 199,Wipro  ,Wipro19,QA     ,SOFTWATEDEVELOPER
Wipro5      ,Wipro 200,Wipro  ,Wipro5 ,HR     ,HR     
MicroSoft11 ,MicroSoft 1,MicroSoft,MicroSoft16,DEV    ,QA     
MicroSoft13 ,MicroSoft 2,MicroSoft,MicroSoft20,TESTING,SOFTWATEDEVELOPER
MicroSoft19 ,MicroSoft 3,MicroSoft,MicroSoft12,HR     ,HR     
MicroSoft25 ,MicroSoft 4,MicroSoft,MicroSoft24,DEV    ,HR     
MicroSoft22 ,MicroSoft 5,MicroSoft,MicroSoft30,QA     ,QA     
MicroSoft26 ,MicroSoft 6,MicroSoft,MicroSoft11,DEV    ,Junior 
MicroSoft18 ,MicroSoft 7,MicroSoft,MicroSoft19,HR     ,SeniorHR
MicroSoft19 ,MicroSoft 8,MicroSoft,MicroSoft5,TESTING,HR     
MicroSoft5  ,MicroSoft 9,MicroSoft,MicroSoft5,HR     ,Junior 
MicroSoft11 ,MicroSoft 10,MicroSoft,MicroSoft23,HR     ,Junior 
MicroSoft25 ,MicroSoft 11,MicroSoft,MicroSoft20,DEV    ,HR     
MicroSoft10 ,MicroSoft 12,MicroSoft,MicroSoft5,DEV    ,Junior 
MicroSoft18 ,MicroSoft 13,MicroSoft,MicroSoft31,HR     ,QA     
MicroSoft6  ,MicroSoft 14,MicroSoft,MicroSoft3,TESTING,Junior 
MicroSoft7  ,MicroSoft 15,MicroSoft,MicroSoft2,DEV    ,QA     
MicroSoft18 ,MicroSoft 16,MicroSoft,MicroSoft32,HR     ,SeniorHR
MicroSoft31 ,MicroSoft 17,MicroSoft,MicroSoft23,DEV    ,SeniorHR
MicroSoft22 ,MicroSoft 18,MicroSoft,MicroSoft7,HR     ,QA     
MicroSoft26 ,MicroSoft 19,MicroSoft,MicroSoft15,HR     ,Junior 
MicroSoft2  ,MicroSoft 20,MicroSoft,MicroSoft0,MANAGEMENT,HR     
MicroSoft6  ,MicroSoft 21,MicroSoft,MicroSoft1,MANAGEMENT,SOFTWATEDEVELOPER
MicroSoft0  ,MicroSoft 22,MicroSoft,MicroSoft16,HR     ,Junior 
MicroSoft19 ,MicroSoft 23,MicroSoft,MicroSoft2,MANAGEMENT,HR     
MicroSoft15 ,MicroSoft 24,MicroSoft,MicroSoft10,TESTING,SOFTWATEDEVELOPER
MicroSoft16 ,MicroSoft 25,MicroSoft,MicroSoft27,DEV    ,SOFTWATEDEVELOPER
MicroSoft31 ,MicroSoft 26,MicroSoft,MicroSoft26,DEV    ,HR     
MicroSoft29 ,MicroSoft 27,MicroSoft,MicroSoft5,HR     ,SOFTWATEDEVELOPER
MicroSoft30 ,MicroSoft 28,MicroSoft,MicroSoft13,MANAGEMENT,HR     
MicroSoft6  ,MicroSoft 29,MicroSoft,MicroSoft28,TESTING,SeniorHR
MicroSoft2  ,MicroSoft 30,MicroSoft,MicroSoft16,TESTING,SeniorHR
MicroSoft18 ,MicroSoft 31,MicroSoft,MicroSoft4,HR     ,SOFTWATEDEVELOPER
MicroSoft14 ,MicroSoft 32,MicroSoft,MicroSoft26,TESTING,SeniorHR
MicroSoft29 ,MicroSoft 33,MicroSoft,MicroSoft12,QA     ,HR     
MicroSoft23 ,MicroSoft 34,MicroSoft,MicroSoft9,TESTING,SeniorHR
MicroSoft23 ,MicroSoft 35,MicroSoft,MicroSoft19,QA     ,QA     
MicroSoft13 ,MicroSoft 36,MicroSoft,MicroSoft13,HR     ,Junior 
MicroSoft4  ,MicroSoft 37,MicroSoft,MicroSoft19,HR     ,SOFTWATEDEVELOPER
MicroSoft23 ,MicroSoft 38,MicroSoft,MicroSoft2,QA     ,QA     
MicroSoft13 ,MicroSoft 39,MicroSoft,MicroSoft27,HR     ,QA     
MicroSoft26 ,MicroSoft 40,MicroSoft,MicroSoft23,MANAGEMENT,Junior 
MicroSoft22 ,MicroSoft 41,MicroSoft,MicroSoft20,MANAGEMENT,SeniorHR
MicroSoft23 ,MicroSoft 42,MicroSoft,MicroSoft22,TESTING,QA     
MicroSoft14 ,MicroSoft 43,MicroSoft,MicroSoft6,QA     ,SeniorHR
MicroSoft25 ,MicroSoft 44,MicroSoft,MicroSoft19,HR     ,Junior 
MicroSoft32 ,MicroSoft 45,MicroSoft,MicroSoft26,TESTING,QA     
MicroSoft23 ,MicroSoft 46,MicroSoft,MicroSoft28,QA     ,QA     
MicroSoft22 ,MicroSoft 47,MicroSoft,MicroSoft23,MANAGEMENT,QA     
MicroSoft8  ,MicroSoft 48,MicroSoft,MicroSoft20,QA     ,QA     
MicroSoft23 ,MicroSoft 49,MicroSoft,MicroSoft21,HR     ,SOFTWATEDEVELOPER
MicroSoft19 ,MicroSoft 50,MicroSoft,MicroSoft20,TESTING,SeniorHR
MicroSoft3  ,MicroSoft 51,MicroSoft,MicroSoft5,HR     ,SeniorHR
MicroSoft9  ,MicroSoft 52,MicroSoft,MicroSoft7,DEV    ,QA     
MicroSoft26 ,MicroSoft 53,MicroSoft,MicroSoft29,MANAGEMENT,QA     
MicroSoft8  ,MicroSoft 54,MicroSoft,MicroSoft2,DEV    ,QA     
MicroSoft28 ,MicroSoft 55,MicroSoft,MicroSoft0,MANAGEMENT,Junior 
MicroSoft28 ,MicroSoft 56,MicroSoft,MicroSoft19,QA     ,QA     
MicroSoft19 ,MicroSoft 57,MicroSoft,MicroSoft26,QA     ,Junior 
MicroSoft15 ,MicroSoft 58,MicroSoft,MicroSoft8,TESTING,HR     
MicroSoft10 ,MicroSoft 59,MicroSoft,MicroSoft0,QA     ,SeniorHR
MicroSoft22 ,MicroSoft 60,MicroSoft,MicroSoft8,TESTING,SeniorHR
MicroSoft15 ,MicroSoft 61,MicroSoft,MicroSoft0,HR     ,HR     
MicroSoft25 ,MicroSoft 62,MicroSoft,MicroSoft20,QA     ,SOFTWATEDEVELOPER
MicroSoft8  ,MicroSoft 63,MicroSoft,MicroSoft10,MANAGEMENT,SeniorHR
MicroSoft24 ,MicroSoft 64,MicroSoft,MicroSoft16,QA     ,SeniorHR
MicroSoft16 ,MicroSoft 65,MicroSoft,MicroSoft11,MANAGEMENT,SeniorHR
MicroSoft14 ,MicroSoft 66,MicroSoft,MicroSoft4,DEV    ,SeniorHR
MicroSoft10 ,MicroSoft 67,MicroSoft,MicroSoft14,QA     ,HR     
MicroSoft11 ,MicroSoft 68,MicroSoft,MicroSoft27,HR     ,SOFTWATEDEVELOPER
MicroSoft16 ,MicroSoft 69,MicroSoft,MicroSoft13,TESTING,QA     
MicroSoft17 ,MicroSoft 70,MicroSoft,MicroSoft9,HR     ,QA     
MicroSoft2  ,MicroSoft 71,MicroSoft,MicroSoft4,MANAGEMENT,Junior 
MicroSoft10 ,MicroSoft 72,MicroSoft,MicroSoft0,QA     ,QA     
MicroSoft13 ,MicroSoft 73,MicroSoft,MicroSoft6,HR     ,HR     
MicroSoft10 ,MicroSoft 74,MicroSoft,MicroSoft1,MANAGEMENT,HR     
MicroSoft20 ,MicroSoft 75,MicroSoft,MicroSoft17,HR     ,HR     
MicroSoft31 ,MicroSoft 76,MicroSoft,MicroSoft16,DEV    ,SeniorHR
MicroSoft6  ,MicroSoft 77,MicroSoft,MicroSoft10,HR     ,HR     
MicroSoft31 ,MicroSoft 78,MicroSoft,MicroSoft24,MANAGEMENT,HR     
MicroSoft10 ,MicroSoft 79,MicroSoft,MicroSoft32,TESTING,HR     
MicroSoft8  ,MicroSoft 80,MicroSoft,MicroSoft7,DEV    ,HR     
MicroSoft25 ,MicroSoft 81,MicroSoft,MicroSoft28,MANAGEMENT,Junior 
MicroSoft26 ,MicroSoft 82,MicroSoft,MicroSoft25,DEV    ,SeniorHR
MicroSoft13 ,MicroSoft 83,MicroSoft,MicroSoft6,DEV    ,QA     
MicroSoft8  ,MicroSoft 84,MicroSoft,MicroSoft22,HR     ,SeniorHR
MicroSoft28 ,MicroSoft 85,MicroSoft,MicroSoft14,MANAGEMENT,Junior 
MicroSoft31 ,MicroSoft 86,MicroSoft,MicroSoft10,MANAGEMENT,SOFTWATEDEVELOPER
MicroSoft6  ,MicroSoft 87,MicroSoft,MicroSoft27,HR     ,HR     
MicroSoft20 ,MicroSoft 88,MicroSoft,MicroSoft22,HR     ,HR     
MicroSoft10 ,MicroSoft 89,MicroSoft,MicroSoft24,TESTING,Junior 
MicroSoft21 ,MicroSoft 90,MicroSoft,MicroSoft3,QA     ,SeniorHR
MicroSoft0  ,MicroSoft 91,MicroSoft,MicroSoft19,MANAGEMENT,SOFTWATEDEVELOPER
MicroSoft17 ,MicroSoft 92,MicroSoft,MicroSoft32,MANAGEMENT,SOFTWATEDEVELOPER
MicroSoft31 ,MicroSoft 93,MicroSoft,MicroSoft27,TESTING,QA     
MicroSoft10 ,MicroSoft 94,MicroSoft,MicroSoft6,DEV    ,SeniorHR
MicroSoft32 ,MicroSoft 95,MicroSoft,MicroSoft6,MANAGEMENT,QA     
MicroSoft25 ,MicroSoft 96,MicroSoft,MicroSoft31,MANAGEMENT,SOFTWATEDEVELOPER
MicroSoft4  ,MicroSoft 97,MicroSoft,MicroSoft27,QA     ,SeniorHR
MicroSoft3  ,MicroSoft 98,MicroSoft,MicroSoft30,MANAGEMENT,SOFTWATEDEVELOPER
MicroSoft26 ,MicroSoft 99,MicroSoft,MicroSoft16,HR     ,HR     
MicroSoft13 ,MicroSoft 100,MicroSoft,MicroSoft4,HR     ,Junior 
MicroSoft29 ,MicroSoft 101,MicroSoft,MicroSoft12,DEV    ,SOFTWATEDEVELOPER
MicroSoft7  ,MicroSoft 102,MicroSoft,MicroSoft7,HR     ,Junior 
MicroSoft13 ,MicroSoft 103,MicroSoft,MicroSoft3,HR     ,SeniorHR
MicroSoft4  ,MicroSoft 104,MicroSoft,MicroSoft22,QA     ,Junior 
MicroSoft24 ,MicroSoft 105,MicroSoft,MicroSoft5,TESTING,SOFTWATEDEVELOPER
MicroSoft10 ,MicroSoft 106,MicroSoft,MicroSoft14,TESTING,Junior 
MicroSoft29 ,MicroSoft 107,MicroSoft,MicroSoft23,HR     ,QA     
MicroSoft6  ,MicroSoft 108,MicroSoft,MicroSoft32,HR     ,QA     
MicroSoft2  ,MicroSoft 109,MicroSoft,MicroSoft25,HR     ,SeniorHR
MicroSoft19 ,MicroSoft 110,MicroSoft,MicroSoft2,TESTING,QA     
MicroSoft24 ,MicroSoft 111,MicroSoft,MicroSoft18,HR     ,Junior 
MicroSoft26 ,MicroSoft 112,MicroSoft,MicroSoft16,QA     ,Junior 
MicroSoft27 ,MicroSoft 113,MicroSoft,MicroSoft31,QA     ,HR     
MicroSoft17 ,MicroSoft 114,MicroSoft,MicroSoft13,MANAGEMENT,SeniorHR
MicroSoft28 ,MicroSoft 115,MicroSoft,MicroSoft11,MANAGEMENT,SeniorHR
MicroSoft5  ,MicroSoft 116,MicroSoft,MicroSoft8,MANAGEMENT,SeniorHR
MicroSoft1  ,MicroSoft 117,MicroSoft,MicroSoft8,DEV    ,HR     
MicroSoft19 ,MicroSoft 118,MicroSoft,MicroSoft8,TESTING,SOFTWATEDEVELOPER
MicroSoft21 ,MicroSoft 119,MicroSoft,MicroSoft22,MANAGEMENT,SOFTWATEDEVELOPER
MicroSoft11 ,MicroSoft 120,MicroSoft,MicroSoft16,DEV    ,SeniorHR
MicroSoft2  ,MicroSoft 121,MicroSoft,MicroSoft30,MANAGEMENT,HR     
MicroSoft11 ,MicroSoft 122,MicroSoft,MicroSoft27,DEV    ,SOFTWATEDEVELOPER
MicroSoft29 ,MicroSoft 123,MicroSoft,MicroSoft21,TESTING,HR     
MicroSoft6  ,MicroSoft 124,MicroSoft,MicroSoft32,QA     ,SeniorHR
MicroSoft20 ,MicroSoft 125,MicroSoft,MicroSoft21,MANAGEMENT,SeniorHR
MicroSoft4  ,MicroSoft 126,MicroSoft,MicroSoft8,TESTING,SOFTWATEDEVELOPER
MicroSoft16 ,MicroSoft 127,MicroSoft,MicroSoft30,TESTING,QA     
MicroSoft14 ,MicroSoft 128,MicroSoft,MicroSoft4,HR     ,HR     
MicroSoft4  ,MicroSoft 129,MicroSoft,MicroSoft15,TESTING,HR     
MicroSoft9  ,MicroSoft 130,MicroSoft,MicroSoft23,HR     ,HR     
MicroSoft31 ,MicroSoft 131,MicroSoft,MicroSoft22,TESTING,QA     
MicroSoft22 ,MicroSoft 132,MicroSoft,MicroSoft7,TESTING,SOFTWATEDEVELOPER
MicroSoft30 ,MicroSoft 133,MicroSoft,MicroSoft16,HR     ,SOFTWATEDEVELOPER
MicroSoft17 ,MicroSoft 134,MicroSoft,MicroSoft22,DEV    ,QA     
MicroSoft13 ,MicroSoft 135,MicroSoft,MicroSoft12,QA     ,SeniorHR
MicroSoft7  ,MicroSoft 136,MicroSoft,MicroSoft14,DEV    ,SOFTWATEDEVELOPER
MicroSoft18 ,MicroSoft 137,MicroSoft,MicroSoft6,HR     ,SOFTWATEDEVELOPER
MicroSoft17 ,MicroSoft 138,MicroSoft,MicroSoft16,HR     ,QA     
MicroSoft19 ,MicroSoft 139,MicroSoft,MicroSoft25,TESTING,SeniorHR
MicroSoft26 ,MicroSoft 140,MicroSoft,MicroSoft18,MANAGEMENT,HR     
MicroSoft15 ,MicroSoft 141,MicroSoft,MicroSoft29,MANAGEMENT,QA     
MicroSoft0  ,MicroSoft 142,MicroSoft,MicroSoft13,MANAGEMENT,SeniorHR
MicroSoft6  ,MicroSoft 143,MicroSoft,MicroSoft21,MANAGEMENT,QA     
MicroSoft0  ,MicroSoft 144,MicroSoft,MicroSoft21,MANAGEMENT,SeniorHR
MicroSoft14 ,MicroSoft 145,MicroSoft,MicroSoft22,TESTING,SeniorHR
MicroSoft4  ,MicroSoft 146,MicroSoft,MicroSoft24,HR     ,SeniorHR
MicroSoft10 ,MicroSoft 147,MicroSoft,MicroSoft6,HR     ,SOFTWATEDEVELOPER
MicroSoft2  ,MicroSoft 148,MicroSoft,MicroSoft26,MANAGEMENT,QA     
MicroSoft15 ,MicroSoft 149,MicroSoft,MicroSoft14,MANAGEMENT,HR     
MicroSoft16 ,MicroSoft 150,MicroSoft,MicroSoft10,QA     ,Junior 
MicroSoft12 ,MicroSoft 151,MicroSoft,MicroSoft21,TESTING,QA     
MicroSoft21 ,MicroSoft 152,MicroSoft,MicroSoft7,MANAGEMENT,QA     
MicroSoft26 ,MicroSoft 153,MicroSoft,MicroSoft2,HR     ,Junior 
MicroSoft4  ,MicroSoft 154,MicroSoft,MicroSoft13,HR     ,SOFTWATEDEVELOPER
MicroSoft24 ,MicroSoft 155,MicroSoft,MicroSoft16,QA     ,SOFTWATEDEVELOPER
MicroSoft10 ,MicroSoft 156,MicroSoft,MicroSoft2,DEV    ,HR     
MicroSoft22 ,MicroSoft 157,MicroSoft,MicroSoft31,TESTING,SeniorHR
MicroSoft22 ,MicroSoft 158,MicroSoft,MicroSoft20,HR     ,Junior 
MicroSoft30 ,MicroSoft 159,MicroSoft,MicroSoft8,HR     ,SeniorHR
MicroSoft5  ,MicroSoft 160,MicroSoft,MicroSoft9,QA     ,Junior 
MicroSoft10 ,MicroSoft 161,MicroSoft,MicroSoft4,MANAGEMENT,Junior 
MicroSoft25 ,MicroSoft 162,MicroSoft,MicroSoft28,QA     ,Junior 
MicroSoft10 ,MicroSoft 163,MicroSoft,MicroSoft7,QA     ,QA     
MicroSoft23 ,MicroSoft 164,MicroSoft,MicroSoft32,MANAGEMENT,HR     
MicroSoft9  ,MicroSoft 165,MicroSoft,MicroSoft5,HR     ,SOFTWATEDEVELOPER
MicroSoft25 ,MicroSoft 166,MicroSoft,MicroSoft11,DEV    ,Junior 
MicroSoft1  ,MicroSoft 167,MicroSoft,MicroSoft30,DEV    ,QA     
MicroSoft10 ,MicroSoft 168,MicroSoft,MicroSoft21,TESTING,SeniorHR
MicroSoft23 ,MicroSoft 169,MicroSoft,MicroSoft17,TESTING,Junior 
MicroSoft3  ,MicroSoft 170,MicroSoft,MicroSoft11,QA     ,QA     
MicroSoft7  ,MicroSoft 171,MicroSoft,MicroSoft14,DEV    ,SeniorHR
MicroSoft0  ,MicroSoft 172,MicroSoft,MicroSoft1,TESTING,QA     
MicroSoft14 ,MicroSoft 173,MicroSoft,MicroSoft26,HR     ,Junior 
MicroSoft3  ,MicroSoft 174,MicroSoft,MicroSoft2,DEV    ,QA     
MicroSoft29 ,MicroSoft 175,MicroSoft,MicroSoft26,MANAGEMENT,QA     
MicroSoft21 ,MicroSoft 176,MicroSoft,MicroSoft28,QA     ,SOFTWATEDEVELOPER
MicroSoft22 ,MicroSoft 177,MicroSoft,MicroSoft6,DEV    ,Junior 
MicroSoft16 ,MicroSoft 178,MicroSoft,MicroSoft21,DEV    ,QA     
MicroSoft17 ,MicroSoft 179,MicroSoft,MicroSoft12,TESTING,HR     
MicroSoft2  ,MicroSoft 180,MicroSoft,MicroSoft26,HR     ,Junior 
MicroSoft16 ,MicroSoft 181,MicroSoft,MicroSoft8,TESTING,SeniorHR
MicroSoft15 ,MicroSoft 182,MicroSoft,MicroSoft17,DEV    ,SOFTWATEDEVELOPER
MicroSoft6  ,MicroSoft 183,MicroSoft,MicroSoft16,DEV    ,HR     
MicroSoft12 ,MicroSoft 184,MicroSoft,MicroSoft25,HR     ,HR     
MicroSoft23 ,MicroSoft 185,MicroSoft,MicroSoft20,QA     ,QA     
MicroSoft25 ,MicroSoft 186,MicroSoft,MicroSoft7,TESTING,SOFTWATEDEVELOPER
MicroSoft19 ,MicroSoft 187,MicroSoft,MicroSoft7,TESTING,SOFTWATEDEVELOPER
MicroSoft19 ,MicroSoft 188,MicroSoft,MicroSoft32,MANAGEMENT,Junior 
MicroSoft21 ,MicroSoft 189,MicroSoft,MicroSoft32,DEV    ,SeniorHR
MicroSoft13 ,MicroSoft 190,MicroSoft,MicroSoft7,HR     ,Junior 
MicroSoft28 ,MicroSoft 191,MicroSoft,MicroSoft20,MANAGEMENT,QA     
MicroSoft11 ,MicroSoft 192,MicroSoft,MicroSoft30,TESTING,SOFTWATEDEVELOPER
MicroSoft7  ,MicroSoft 193,MicroSoft,MicroSoft2,QA     ,SeniorHR
MicroSoft1  ,MicroSoft 194,MicroSoft,MicroSoft10,DEV    ,HR     
MicroSoft26 ,MicroSoft 195,MicroSoft,MicroSoft20,MANAGEMENT,HR     
MicroSoft1  ,MicroSoft 196,MicroSoft,MicroSoft19,HR     ,HR     
MicroSoft20 ,MicroSoft 197,MicroSoft,MicroSoft7,QA     ,HR     
MicroSoft14 ,MicroSoft 198,MicroSoft,MicroSoft24,MANAGEMENT,SeniorHR
MicroSoft15 ,MicroSoft 199,MicroSoft,MicroSoft19,MANAGEMENT,Junior 
MicroSoft8  ,MicroSoft 200,MicroSoft,MicroSoft15,TESTING,SOFTWATEDEVELOPER
Google32    ,Google 1,Google ,Google7,MANAGEMENT,Junior 
Google11    ,Google 2,Google ,Google8,DEV    ,SOFTWATEDEVELOPER
Google5     ,Google 3,Google ,Google18,DEV    ,HR     
Google11    ,Google 4,Google ,Google16,MANAGEMENT,HR     
Google14    ,Google 5,Google ,Google3,TESTING,SOFTWATEDEVELOPER
Google24    ,Google 6,Google ,Google4,QA     ,SOFTWATEDEVELOPER
Google22    ,Google 7,Google ,Google23,MANAGEMENT,SeniorHR
Google1     ,Google 8,Google ,Google26,DEV    ,HR     
Google10    ,Google 9,Google ,Google21,TESTING,HR     
Google27    ,Google 10,Google ,Google11,TESTING,SOFTWATEDEVELOPER
Google13    ,Google 11,Google ,Google13,DEV    ,SOFTWATEDEVELOPER
Google12    ,Google 12,Google ,Google25,QA     ,Junior 
Google19    ,Google 13,Google ,Google30,HR     ,Junior 
Google19    ,Google 14,Google ,Google5,QA     ,QA     
Google15    ,Google 15,Google ,Google11,TESTING,SOFTWATEDEVELOPER
Google14    ,Google 16,Google ,Google27,QA     ,HR     
Google11    ,Google 17,Google ,Google0,MANAGEMENT,SOFTWATEDEVELOPER
Google32    ,Google 18,Google ,Google21,DEV    ,Junior 
Google16    ,Google 19,Google ,Google25,HR     ,HR     
Google29    ,Google 20,Google ,Google0,DEV    ,QA     
Google3     ,Google 21,Google ,Google21,MANAGEMENT,Junior 
Google20    ,Google 22,Google ,Google5,QA     ,Junior 
Google0     ,Google 23,Google ,Google22,QA     ,SeniorHR
Google28    ,Google 24,Google ,Google31,DEV    ,SeniorHR
Google24    ,Google 25,Google ,Google29,DEV    ,HR     
Google30    ,Google 26,Google ,Google30,HR     ,QA     
Google18    ,Google 27,Google ,Google2,TESTING,QA     
Google32    ,Google 28,Google ,Google10,MANAGEMENT,SeniorHR
Google2     ,Google 29,Google ,Google19,TESTING,SOFTWATEDEVELOPER
Google32    ,Google 30,Google ,Google18,QA     ,HR     
Google12    ,Google 31,Google ,Google23,QA     ,HR     
Google28    ,Google 32,Google ,Google28,DEV    ,SeniorHR
Google15    ,Google 33,Google ,Google19,QA     ,Junior 
Google21    ,Google 34,Google ,Google29,MANAGEMENT,Junior 
Google15    ,Google 35,Google ,Google29,TESTING,SeniorHR
Google20    ,Google 36,Google ,Google26,HR     ,SOFTWATEDEVELOPER
Google24    ,Google 37,Google ,Google10,TESTING,HR     
Google14    ,Google 38,Google ,Google17,TESTING,Junior 
Google5     ,Google 39,Google ,Google5,MANAGEMENT,HR     
Google8     ,Google 40,Google ,Google29,HR     ,SOFTWATEDEVELOPER
Google28    ,Google 41,Google ,Google31,DEV    ,HR     
Google23    ,Google 42,Google ,Google30,MANAGEMENT,HR     
Google19    ,Google 43,Google ,Google11,DEV    ,Junior 
Google0     ,Google 44,Google ,Google6,TESTING,SeniorHR
Google16    ,Google 45,Google ,Google32,TESTING,SeniorHR
Google14    ,Google 46,Google ,Google30,HR     ,QA     
Google0     ,Google 47,Google ,Google14,MANAGEMENT,SeniorHR
Google29    ,Google 48,Google ,Google25,MANAGEMENT,SeniorHR
Google28    ,Google 49,Google ,Google27,QA     ,SOFTWATEDEVELOPER
Google14    ,Google 50,Google ,Google27,MANAGEMENT,QA     
Google17    ,Google 51,Google ,Google7,QA     ,Junior 
Google8     ,Google 52,Google ,Google16,HR     ,QA     
Google20    ,Google 53,Google ,Google12,QA     ,HR     
Google10    ,Google 54,Google ,Google16,DEV    ,QA     
Google27    ,Google 55,Google ,Google13,DEV    ,HR     
Google2     ,Google 56,Google ,Google11,DEV    ,QA     
Google13    ,Google 57,Google ,Google23,DEV    ,Junior 
Google17    ,Google 58,Google ,Google29,HR     ,SOFTWATEDEVELOPER
Google32    ,Google 59,Google ,Google24,HR     ,HR     
Google7     ,Google 60,Google ,Google1,QA     ,SeniorHR
Google10    ,Google 61,Google ,Google29,MANAGEMENT,SeniorHR
Google2     ,Google 62,Google ,Google21,DEV    ,HR     
Google18    ,Google 63,Google ,Google22,MANAGEMENT,Junior 
Google15    ,Google 64,Google ,Google23,QA     ,Junior 
Google30    ,Google 65,Google ,Google28,QA     ,SeniorHR
Google8     ,Google 66,Google ,Google31,TESTING,SOFTWATEDEVELOPER
Google7     ,Google 67,Google ,Google0,DEV    ,SeniorHR
Google15    ,Google 68,Google ,Google2,QA     ,SOFTWATEDEVELOPER
Google24    ,Google 69,Google ,Google28,MANAGEMENT,HR     
Google15    ,Google 70,Google ,Google25,QA     ,SOFTWATEDEVELOPER
Google15    ,Google 71,Google ,Google29,QA     ,QA     
Google1     ,Google 72,Google ,Google4,DEV    ,HR     
Google1     ,Google 73,Google ,Google28,DEV    ,HR     
Google12    ,Google 74,Google ,Google5,DEV    ,HR     
Google15    ,Google 75,Google ,Google4,DEV    ,Junior 
Google11    ,Google 76,Google ,Google22,MANAGEMENT,SeniorHR
Google31    ,Google 77,Google ,Google2,DEV    ,SOFTWATEDEVELOPER
Google23    ,Google 78,Google ,Google17,QA     ,Junior 
Google3     ,Google 79,Google ,Google30,HR     ,HR     
Google10    ,Google 80,Google ,Google19,QA     ,Junior 
Google26    ,Google 81,Google ,Google32,TESTING,SOFTWATEDEVELOPER
Google25    ,Google 82,Google ,Google13,TESTING,SeniorHR
Google19    ,Google 83,Google ,Google20,QA     ,HR     
Google15    ,Google 84,Google ,Google24,TESTING,SOFTWATEDEVELOPER
Google32    ,Google 85,Google ,Google3,MANAGEMENT,QA     
Google28    ,Google 86,Google ,Google20,TESTING,SeniorHR
Google4     ,Google 87,Google ,Google4,DEV    ,SeniorHR
Google2     ,Google 88,Google ,Google29,HR     ,QA     
Google14    ,Google 89,Google ,Google7,DEV    ,HR     
Google4     ,Google 90,Google ,Google9,QA     ,SeniorHR
Google22    ,Google 91,Google ,Google23,HR     ,Junior 
Google25    ,Google 92,Google ,Google11,QA     ,HR     
Google17    ,Google 93,Google ,Google9,DEV    ,HR     
Google22    ,Google 94,Google ,Google23,DEV    ,Junior 
Google14    ,Google 95,Google ,Google1,TESTING,SOFTWATEDEVELOPER
Google4     ,Google 96,Google ,Google31,TESTING,SOFTWATEDEVELOPER
Google19    ,Google 97,Google ,Google28,MANAGEMENT,HR     
Google16    ,Google 98,Google ,Google1,QA     ,SOFTWATEDEVELOPER
Google12    ,Google 99,Google ,Google11,DEV    ,Junior 
Google20    ,Google 100,Google ,Google15,QA     ,QA     
Google16    ,Google 101,Google ,Google29,MANAGEMENT,QA     
Google16    ,Google 102,Google ,Google27,DEV    ,SOFTWATEDEVELOPER
Google0     ,Google 103,Google ,Google2,MANAGEMENT,Junior 
Google27    ,Google 104,Google ,Google3,DEV    ,SOFTWATEDEVELOPER
Google7     ,Google 105,Google ,Google10,TESTING,QA     
Google15    ,Google 106,Google ,Google12,MANAGEMENT,SeniorHR
Google20    ,Google 107,Google ,Google22,MANAGEMENT,HR     
Google13    ,Google 108,Google ,Google2,TESTING,QA     
Google9     ,Google 109,Google ,Google21,HR     ,HR     
Google1     ,Google 110,Google ,Google22,HR     ,SOFTWATEDEVELOPER
Google21    ,Google 111,Google ,Google5,DEV    ,SeniorHR
Google4     ,Google 112,Google ,Google18,MANAGEMENT,HR     
Google31    ,Google 113,Google ,Google19,MANAGEMENT,HR     
Google30    ,Google 114,Google ,Google27,DEV    ,Junior 
Google0     ,Google 115,Google ,Google14,HR     ,QA     
Google32    ,Google 116,Google ,Google29,DEV    ,QA     
Google16    ,Google 117,Google ,Google31,MANAGEMENT,Junior 
Google32    ,Google 118,Google ,Google4,QA     ,SeniorHR
Google3     ,Google 119,Google ,Google25,DEV    ,HR     
Google4     ,Google 120,Google ,Google15,DEV    ,Junior 
Google26    ,Google 121,Google ,Google18,DEV    ,QA     
Google4     ,Google 122,Google ,Google8,HR     ,SeniorHR
Google10    ,Google 123,Google ,Google0,DEV    ,SOFTWATEDEVELOPER
Google16    ,Google 124,Google ,Google11,QA     ,SOFTWATEDEVELOPER
Google27    ,Google 125,Google ,Google10,MANAGEMENT,Junior 
Google25    ,Google 126,Google ,Google23,DEV    ,QA     
Google30    ,Google 127,Google ,Google13,HR     ,Junior 
Google18    ,Google 128,Google ,Google1,MANAGEMENT,SeniorHR
Google2     ,Google 129,Google ,Google3,HR     ,SeniorHR
Google17    ,Google 130,Google ,Google16,MANAGEMENT,HR     
Google30    ,Google 131,Google ,Google10,MANAGEMENT,QA     
Google28    ,Google 132,Google ,Google1,HR     ,SOFTWATEDEVELOPER
Google0     ,Google 133,Google ,Google15,TESTING,SOFTWATEDEVELOPER
Google17    ,Google 134,Google ,Google6,DEV    ,Junior 
Google8     ,Google 135,Google ,Google17,MANAGEMENT,SOFTWATEDEVELOPER
Google1     ,Google 136,Google ,Google28,MANAGEMENT,HR     
Google1     ,Google 137,Google ,Google23,TESTING,HR     
Google10    ,Google 138,Google ,Google10,DEV    ,HR     
Google17    ,Google 139,Google ,Google21,DEV    ,SeniorHR
Google28    ,Google 140,Google ,Google10,MANAGEMENT,QA     
Google12    ,Google 141,Google ,Google14,HR     ,Junior 
Google18    ,Google 142,Google ,Google5,MANAGEMENT,QA     
Google26    ,Google 143,Google ,Google30,HR     ,QA     
Google19    ,Google 144,Google ,Google2,DEV    ,Junior 
Google13    ,Google 145,Google ,Google19,MANAGEMENT,Junior 
Google17    ,Google 146,Google ,Google21,TESTING,SOFTWATEDEVELOPER
Google7     ,Google 147,Google ,Google4,DEV    ,QA     
Google30    ,Google 148,Google ,Google28,DEV    ,QA     
Google19    ,Google 149,Google ,Google0,DEV    ,SOFTWATEDEVELOPER
Google23    ,Google 150,Google ,Google27,QA     ,QA     
Google23    ,Google 151,Google ,Google20,TESTING,HR     
Google4     ,Google 152,Google ,Google8,QA     ,SeniorHR
Google14    ,Google 153,Google ,Google6,HR     ,HR     
Google12    ,Google 154,Google ,Google26,DEV    ,SOFTWATEDEVELOPER
Google32    ,Google 155,Google ,Google15,MANAGEMENT,SeniorHR
Google29    ,Google 156,Google ,Google3,MANAGEMENT,QA     
Google22    ,Google 157,Google ,Google8,TESTING,SeniorHR
Google24    ,Google 158,Google ,Google19,DEV    ,SOFTWATEDEVELOPER
Google29    ,Google 159,Google ,Google2,TESTING,QA     
Google2     ,Google 160,Google ,Google1,TESTING,QA     
Google14    ,Google 161,Google ,Google27,TESTING,SOFTWATEDEVELOPER
Google28    ,Google 162,Google ,Google32,TESTING,SOFTWATEDEVELOPER
Google21    ,Google 163,Google ,Google19,QA     ,HR     
Google32    ,Google 164,Google ,Google9,MANAGEMENT,SOFTWATEDEVELOPER
Google22    ,Google 165,Google ,Google20,QA     ,QA     
Google27    ,Google 166,Google ,Google4,QA     ,QA     
Google27    ,Google 167,Google ,Google13,DEV    ,HR     
Google11    ,Google 168,Google ,Google15,QA     ,QA     
Google29    ,Google 169,Google ,Google27,MANAGEMENT,Junior 
Google22    ,Google 170,Google ,Google6,HR     ,SOFTWATEDEVELOPER
Google22    ,Google 171,Google ,Google20,MANAGEMENT,Junior 
Google31    ,Google 172,Google ,Google4,QA     ,SeniorHR
Google4     ,Google 173,Google ,Google27,DEV    ,SeniorHR
Google10    ,Google 174,Google ,Google23,HR     ,HR     
Google4     ,Google 175,Google ,Google18,MANAGEMENT,SeniorHR
Google19    ,Google 176,Google ,Google7,TESTING,Junior 
Google30    ,Google 177,Google ,Google22,DEV    ,Junior 
Google9     ,Google 178,Google ,Google28,MANAGEMENT,SeniorHR
Google18    ,Google 179,Google ,Google0,HR     ,HR     
Google6     ,Google 180,Google ,Google18,MANAGEMENT,SOFTWATEDEVELOPER
Google25    ,Google 181,Google ,Google26,HR     ,SeniorHR
Google8     ,Google 182,Google ,Google8,QA     ,Junior 
Google22    ,Google 183,Google ,Google23,MANAGEMENT,Junior 
Google9     ,Google 184,Google ,Google20,HR     ,SeniorHR
Google5     ,Google 185,Google ,Google25,DEV    ,HR     
Google26    ,Google 186,Google ,Google16,DEV    ,HR     
Google29    ,Google 187,Google ,Google25,MANAGEMENT,HR     
Google17    ,Google 188,Google ,Google30,HR     ,SeniorHR
Google21    ,Google 189,Google ,Google7,QA     ,SOFTWATEDEVELOPER
Google1     ,Google 190,Google ,Google29,MANAGEMENT,SOFTWATEDEVELOPER
Google2     ,Google 191,Google ,Google4,TESTING,SeniorHR
Google30    ,Google 192,Google ,Google26,HR     ,QA     
Google28    ,Google 193,Google ,Google23,HR     ,SeniorHR
Google10    ,Google 194,Google ,Google21,MANAGEMENT,HR     
Google16    ,Google 195,Google ,Google30,QA     ,SeniorHR
Google12    ,Google 196,Google ,Google9,QA     ,SOFTWATEDEVELOPER
Google19    ,Google 197,Google ,Google12,TESTING,Junior 
Google30    ,Google 198,Google ,Google11,TESTING,HR     
Google28    ,Google 199,Google ,Google18,DEV    ,SOFTWATEDEVELOPER
Google1     ,Google 200,Google ,Google23,DEV    ,Junior 
bizRuntime15,bizRuntime 1,bizRuntime,bizRuntime2,MANAGEMENT,Junior 
bizRuntime18,bizRuntime 2,bizRuntime,bizRuntime21,TESTING,SeniorHR
bizRuntime18,bizRuntime 3,bizRuntime,bizRuntime17,MANAGEMENT,Junior 
bizRuntime7 ,bizRuntime 4,bizRuntime,bizRuntime20,QA     ,SOFTWATEDEVELOPER
bizRuntime32,bizRuntime 5,bizRuntime,bizRuntime11,QA     ,SOFTWATEDEVELOPER
bizRuntime30,bizRuntime 6,bizRuntime,bizRuntime17,HR     ,HR     
bizRuntime31,bizRuntime 7,bizRuntime,bizRuntime5,QA     ,SeniorHR
bizRuntime12,bizRuntime 8,bizRuntime,bizRuntime7,HR     ,HR     
bizRuntime15,bizRuntime 9,bizRuntime,bizRuntime27,MANAGEMENT,SeniorHR
bizRuntime3 ,bizRuntime 10,bizRuntime,bizRuntime15,MANAGEMENT,SeniorHR
bizRuntime12,bizRuntime 11,bizRuntime,bizRuntime25,DEV    ,QA     
bizRuntime19,bizRuntime 12,bizRuntime,bizRuntime30,DEV    ,SeniorHR
bizRuntime0 ,bizRuntime 13,bizRuntime,bizRuntime26,DEV    ,HR     
bizRuntime13,bizRuntime 14,bizRuntime,bizRuntime5,MANAGEMENT,QA     
bizRuntime32,bizRuntime 15,bizRuntime,bizRuntime22,HR     ,HR     
bizRuntime32,bizRuntime 16,bizRuntime,bizRuntime0,HR     ,HR     
bizRuntime13,bizRuntime 17,bizRuntime,bizRuntime22,QA     ,HR     
bizRuntime22,bizRuntime 18,bizRuntime,bizRuntime6,QA     ,SeniorHR
bizRuntime17,bizRuntime 19,bizRuntime,bizRuntime4,TESTING,Junior 
bizRuntime7 ,bizRuntime 20,bizRuntime,bizRuntime4,QA     ,Junior 
bizRuntime27,bizRuntime 21,bizRuntime,bizRuntime4,TESTING,SeniorHR
bizRuntime31,bizRuntime 22,bizRuntime,bizRuntime28,MANAGEMENT,HR     
bizRuntime31,bizRuntime 23,bizRuntime,bizRuntime32,TESTING,SeniorHR
bizRuntime9 ,bizRuntime 24,bizRuntime,bizRuntime14,TESTING,HR     
bizRuntime20,bizRuntime 25,bizRuntime,bizRuntime31,TESTING,QA     
bizRuntime7 ,bizRuntime 26,bizRuntime,bizRuntime31,MANAGEMENT,QA     
bizRuntime3 ,bizRuntime 27,bizRuntime,bizRuntime23,QA     ,HR     
bizRuntime24,bizRuntime 28,bizRuntime,bizRuntime24,QA     ,QA     
bizRuntime2 ,bizRuntime 29,bizRuntime,bizRuntime3,TESTING,QA     
bizRuntime18,bizRuntime 30,bizRuntime,bizRuntime17,DEV    ,SeniorHR
bizRuntime24,bizRuntime 31,bizRuntime,bizRuntime13,TESTING,SOFTWATEDEVELOPER
bizRuntime23,bizRuntime 32,bizRuntime,bizRuntime8,DEV    ,Junior 
bizRuntime21,bizRuntime 33,bizRuntime,bizRuntime1,TESTING,HR     
bizRuntime21,bizRuntime 34,bizRuntime,bizRuntime23,MANAGEMENT,QA     
bizRuntime9 ,bizRuntime 35,bizRuntime,bizRuntime21,TESTING,HR     
bizRuntime5 ,bizRuntime 36,bizRuntime,bizRuntime21,TESTING,HR     
bizRuntime9 ,bizRuntime 37,bizRuntime,bizRuntime20,DEV    ,Junior 
bizRuntime29,bizRuntime 38,bizRuntime,bizRuntime22,MANAGEMENT,Junior 
bizRuntime19,bizRuntime 39,bizRuntime,bizRuntime31,HR     ,QA     
bizRuntime16,bizRuntime 40,bizRuntime,bizRuntime4,HR     ,QA     
bizRuntime15,bizRuntime 41,bizRuntime,bizRuntime20,QA     ,SOFTWATEDEVELOPER
bizRuntime7 ,bizRuntime 42,bizRuntime,bizRuntime14,DEV    ,HR     
bizRuntime10,bizRuntime 43,bizRuntime,bizRuntime21,TESTING,QA     
bizRuntime1 ,bizRuntime 44,bizRuntime,bizRuntime3,DEV    ,Junior 
bizRuntime28,bizRuntime 45,bizRuntime,bizRuntime7,TESTING,Junior 
bizRuntime30,bizRuntime 46,bizRuntime,bizRuntime2,DEV    ,QA     
bizRuntime7 ,bizRuntime 47,bizRuntime,bizRuntime13,QA     ,SOFTWATEDEVELOPER
bizRuntime17,bizRuntime 48,bizRuntime,bizRuntime32,DEV    ,Junior 
bizRuntime17,bizRuntime 49,bizRuntime,bizRuntime21,QA     ,SeniorHR
bizRuntime1 ,bizRuntime 50,bizRuntime,bizRuntime28,MANAGEMENT,QA     
bizRuntime14,bizRuntime 51,bizRuntime,bizRuntime32,MANAGEMENT,HR     
bizRuntime4 ,bizRuntime 52,bizRuntime,bizRuntime29,HR     ,SeniorHR
bizRuntime18,bizRuntime 53,bizRuntime,bizRuntime2,MANAGEMENT,HR     
bizRuntime24,bizRuntime 54,bizRuntime,bizRuntime1,MANAGEMENT,HR     
bizRuntime13,bizRuntime 55,bizRuntime,bizRuntime21,TESTING,QA     
bizRuntime24,bizRuntime 56,bizRuntime,bizRuntime17,MANAGEMENT,HR     
bizRuntime8 ,bizRuntime 57,bizRuntime,bizRuntime12,DEV    ,SeniorHR
bizRuntime11,bizRuntime 58,bizRuntime,bizRuntime28,HR     ,QA     
bizRuntime8 ,bizRuntime 59,bizRuntime,bizRuntime17,QA     ,QA     
bizRuntime6 ,bizRuntime 60,bizRuntime,bizRuntime31,MANAGEMENT,HR     
bizRuntime12,bizRuntime 61,bizRuntime,bizRuntime6,HR     ,SeniorHR
bizRuntime0 ,bizRuntime 62,bizRuntime,bizRuntime3,TESTING,SeniorHR
bizRuntime24,bizRuntime 63,bizRuntime,bizRuntime12,HR     ,SeniorHR
bizRuntime13,bizRuntime 64,bizRuntime,bizRuntime5,HR     ,QA     
bizRuntime5 ,bizRuntime 65,bizRuntime,bizRuntime18,MANAGEMENT,SOFTWATEDEVELOPER
bizRuntime17,bizRuntime 66,bizRuntime,bizRuntime20,HR     ,SOFTWATEDEVELOPER
bizRuntime1 ,bizRuntime 67,bizRuntime,bizRuntime32,HR     ,HR     
bizRuntime12,bizRuntime 68,bizRuntime,bizRuntime31,HR     ,SeniorHR
bizRuntime26,bizRuntime 69,bizRuntime,bizRuntime3,TESTING,SeniorHR
bizRuntime13,bizRuntime 70,bizRuntime,bizRuntime11,DEV    ,Junior 
bizRuntime32,bizRuntime 71,bizRuntime,bizRuntime29,QA     ,QA     
bizRuntime24,bizRuntime 72,bizRuntime,bizRuntime20,TESTING,Junior 
bizRuntime14,bizRuntime 73,bizRuntime,bizRuntime24,QA     ,SOFTWATEDEVELOPER
bizRuntime32,bizRuntime 74,bizRuntime,bizRuntime3,MANAGEMENT,SOFTWATEDEVELOPER
bizRuntime1 ,bizRuntime 75,bizRuntime,bizRuntime13,TESTING,Junior 
bizRuntime1 ,bizRuntime 76,bizRuntime,bizRuntime7,HR     ,SOFTWATEDEVELOPER
bizRuntime6 ,bizRuntime 77,bizRuntime,bizRuntime22,QA     ,HR     
bizRuntime24,bizRuntime 78,bizRuntime,bizRuntime18,TESTING,QA     
bizRuntime8 ,bizRuntime 79,bizRuntime,bizRuntime26,QA     ,SOFTWATEDEVELOPER
bizRuntime31,bizRuntime 80,bizRuntime,bizRuntime6,MANAGEMENT,SeniorHR
bizRuntime14,bizRuntime 81,bizRuntime,bizRuntime32,QA     ,SOFTWATEDEVELOPER
bizRuntime5 ,bizRuntime 82,bizRuntime,bizRuntime17,TESTING,SOFTWATEDEVELOPER
bizRuntime9 ,bizRuntime 83,bizRuntime,bizRuntime22,TESTING,Junior 
bizRuntime30,bizRuntime 84,bizRuntime,bizRuntime9,HR     ,SOFTWATEDEVELOPER
bizRuntime26,bizRuntime 85,bizRuntime,bizRuntime29,QA     ,Junior 
bizRuntime0 ,bizRuntime 86,bizRuntime,bizRuntime8,DEV    ,QA     
bizRuntime8 ,bizRuntime 87,bizRuntime,bizRuntime32,TESTING,Junior 
bizRuntime10,bizRuntime 88,bizRuntime,bizRuntime6,QA     ,QA     
bizRuntime14,bizRuntime 89,bizRuntime,bizRuntime0,TESTING,Junior 
bizRuntime14,bizRuntime 90,bizRuntime,bizRuntime15,QA     ,SOFTWATEDEVELOPER
bizRuntime6 ,bizRuntime 91,bizRuntime,bizRuntime29,HR     ,Junior 
bizRuntime1 ,bizRuntime 92,bizRuntime,bizRuntime15,MANAGEMENT,QA     
bizRuntime22,bizRuntime 93,bizRuntime,bizRuntime0,MANAGEMENT,Junior 
bizRuntime14,bizRuntime 94,bizRuntime,bizRuntime29,DEV    ,Junior 
bizRuntime21,bizRuntime 95,bizRuntime,bizRuntime29,DEV    ,Junior 
bizRuntime3 ,bizRuntime 96,bizRuntime,bizRuntime9,DEV    ,Junior 
bizRuntime29,bizRuntime 97,bizRuntime,bizRuntime20,TESTING,QA     
bizRuntime23,bizRuntime 98,bizRuntime,bizRuntime1,DEV    ,HR     
bizRuntime9 ,bizRuntime 99,bizRuntime,bizRuntime2,MANAGEMENT,Junior 
bizRuntime8 ,bizRuntime 100,bizRuntime,bizRuntime8,MANAGEMENT,SOFTWATEDEVELOPER
bizRuntime4 ,bizRuntime 101,bizRuntime,bizRuntime15,TESTING,HR     
bizRuntime12,bizRuntime 102,bizRuntime,bizRuntime25,TESTING,SeniorHR
bizRuntime20,bizRuntime 103,bizRuntime,bizRuntime14,TESTING,SeniorHR
bizRuntime3 ,bizRuntime 104,bizRuntime,bizRuntime14,TESTING,QA     
bizRuntime16,bizRuntime 105,bizRuntime,bizRuntime29,HR     ,SeniorHR
bizRuntime29,bizRuntime 106,bizRuntime,bizRuntime30,DEV    ,SOFTWATEDEVELOPER
bizRuntime22,bizRuntime 107,bizRuntime,bizRuntime16,QA     ,HR     
bizRuntime1 ,bizRuntime 108,bizRuntime,bizRuntime8,MANAGEMENT,HR     
bizRuntime1 ,bizRuntime 109,bizRuntime,bizRuntime19,HR     ,SOFTWATEDEVELOPER
bizRuntime25,bizRuntime 110,bizRuntime,bizRuntime2,QA     ,Junior 
bizRuntime6 ,bizRuntime 111,bizRuntime,bizRuntime1,DEV    ,HR     
bizRuntime20,bizRuntime 112,bizRuntime,bizRuntime25,DEV    ,QA     
bizRuntime17,bizRuntime 113,bizRuntime,bizRuntime30,QA     ,HR     
bizRuntime2 ,bizRuntime 114,bizRuntime,bizRuntime14,MANAGEMENT,HR     
bizRuntime7 ,bizRuntime 115,bizRuntime,bizRuntime29,QA     ,QA     
bizRuntime0 ,bizRuntime 116,bizRuntime,bizRuntime2,TESTING,HR     
bizRuntime17,bizRuntime 117,bizRuntime,bizRuntime1,TESTING,SeniorHR
bizRuntime13,bizRuntime 118,bizRuntime,bizRuntime29,HR     ,SeniorHR
bizRuntime5 ,bizRuntime 119,bizRuntime,bizRuntime2,DEV    ,QA     
bizRuntime20,bizRuntime 120,bizRuntime,bizRuntime32,HR     ,QA     
bizRuntime9 ,bizRuntime 121,bizRuntime,bizRuntime29,MANAGEMENT,Junior 
bizRuntime20,bizRuntime 122,bizRuntime,bizRuntime17,DEV    ,SOFTWATEDEVELOPER
bizRuntime23,bizRuntime 123,bizRuntime,bizRuntime27,TESTING,QA     
bizRuntime15,bizRuntime 124,bizRuntime,bizRuntime29,HR     ,Junior 
bizRuntime17,bizRuntime 125,bizRuntime,bizRuntime31,QA     ,SeniorHR
bizRuntime8 ,bizRuntime 126,bizRuntime,bizRuntime22,TESTING,SOFTWATEDEVELOPER
bizRuntime25,bizRuntime 127,bizRuntime,bizRuntime7,DEV    ,QA     
bizRuntime6 ,bizRuntime 128,bizRuntime,bizRuntime0,TESTING,HR     
bizRuntime29,bizRuntime 129,bizRuntime,bizRuntime22,TESTING,Junior 
bizRuntime8 ,bizRuntime 130,bizRuntime,bizRuntime13,QA     ,Junior 
bizRuntime23,bizRuntime 131,bizRuntime,bizRuntime28,MANAGEMENT,SeniorHR
bizRuntime15,bizRuntime 132,bizRuntime,bizRuntime8,MANAGEMENT,HR     
bizRuntime31,bizRuntime 133,bizRuntime,bizRuntime4,DEV    ,SOFTWATEDEVELOPER
bizRuntime8 ,bizRuntime 134,bizRuntime,bizRuntime13,QA     ,SOFTWATEDEVELOPER
bizRuntime14,bizRuntime 135,bizRuntime,bizRuntime6,DEV    ,SeniorHR
bizRuntime9 ,bizRuntime 136,bizRuntime,bizRuntime11,TESTING,SOFTWATEDEVELOPER
bizRuntime7 ,bizRuntime 137,bizRuntime,bizRuntime6,HR     ,QA     
bizRuntime11,bizRuntime 138,bizRuntime,bizRuntime32,MANAGEMENT,Junior 
bizRuntime7 ,bizRuntime 139,bizRuntime,bizRuntime23,MANAGEMENT,HR     
bizRuntime28,bizRuntime 140,bizRuntime,bizRuntime29,HR     ,SeniorHR
bizRuntime9 ,bizRuntime 141,bizRuntime,bizRuntime31,HR     ,Junior 
bizRuntime22,bizRuntime 142,bizRuntime,bizRuntime31,MANAGEMENT,SeniorHR
bizRuntime0 ,bizRuntime 143,bizRuntime,bizRuntime30,QA     ,Junior 
bizRuntime2 ,bizRuntime 144,bizRuntime,bizRuntime10,QA     ,HR     
bizRuntime15,bizRuntime 145,bizRuntime,bizRuntime4,DEV    ,HR     
bizRuntime8 ,bizRuntime 146,bizRuntime,bizRuntime4,MANAGEMENT,QA     
bizRuntime9 ,bizRuntime 147,bizRuntime,bizRuntime6,TESTING,SeniorHR
bizRuntime16,bizRuntime 148,bizRuntime,bizRuntime8,QA     ,SeniorHR
bizRuntime1 ,bizRuntime 149,bizRuntime,bizRuntime26,HR     ,HR     
bizRuntime9 ,bizRuntime 150,bizRuntime,bizRuntime11,MANAGEMENT,HR     
bizRuntime7 ,bizRuntime 151,bizRuntime,bizRuntime17,QA     ,SeniorHR
bizRuntime8 ,bizRuntime 152,bizRuntime,bizRuntime26,HR     ,QA     
bizRuntime32,bizRuntime 153,bizRuntime,bizRuntime17,MANAGEMENT,SOFTWATEDEVELOPER
bizRuntime18,bizRuntime 154,bizRuntime,bizRuntime29,DEV    ,Junior 
bizRuntime0 ,bizRuntime 155,bizRuntime,bizRuntime1,QA     ,SeniorHR
bizRuntime17,bizRuntime 156,bizRuntime,bizRuntime14,MANAGEMENT,SOFTWATEDEVELOPER
bizRuntime5 ,bizRuntime 157,bizRuntime,bizRuntime5,MANAGEMENT,HR     
bizRuntime7 ,bizRuntime 158,bizRuntime,bizRuntime12,HR     ,Junior 
bizRuntime5 ,bizRuntime 159,bizRuntime,bizRuntime1,HR     ,SOFTWATEDEVELOPER
bizRuntime11,bizRuntime 160,bizRuntime,bizRuntime17,QA     ,SeniorHR
bizRuntime4 ,bizRuntime 161,bizRuntime,bizRuntime17,TESTING,QA     
bizRuntime11,bizRuntime 162,bizRuntime,bizRuntime1,MANAGEMENT,Junior 
bizRuntime18,bizRuntime 163,bizRuntime,bizRuntime31,DEV    ,HR     
bizRuntime17,bizRuntime 164,bizRuntime,bizRuntime16,QA     ,SOFTWATEDEVELOPER
bizRuntime18,bizRuntime 165,bizRuntime,bizRuntime1,DEV    ,Junior 
bizRuntime26,bizRuntime 166,bizRuntime,bizRuntime25,QA     ,SOFTWATEDEVELOPER
bizRuntime15,bizRuntime 167,bizRuntime,bizRuntime26,TESTING,SeniorHR
bizRuntime28,bizRuntime 168,bizRuntime,bizRuntime16,MANAGEMENT,SeniorHR
bizRuntime10,bizRuntime 169,bizRuntime,bizRuntime10,DEV    ,QA     
bizRuntime29,bizRuntime 170,bizRuntime,bizRuntime32,TESTING,Junior 
bizRuntime6 ,bizRuntime 171,bizRuntime,bizRuntime27,QA     ,HR     
bizRuntime1 ,bizRuntime 172,bizRuntime,bizRuntime26,TESTING,SOFTWATEDEVELOPER
bizRuntime8 ,bizRuntime 173,bizRuntime,bizRuntime8,HR     ,HR     
bizRuntime9 ,bizRuntime 174,bizRuntime,bizRuntime20,QA     ,HR     
bizRuntime27,bizRuntime 175,bizRuntime,bizRuntime31,TESTING,SeniorHR
bizRuntime16,bizRuntime 176,bizRuntime,bizRuntime15,DEV    ,Junior 
bizRuntime4 ,bizRuntime 177,bizRuntime,bizRuntime27,MANAGEMENT,HR     
bizRuntime4 ,bizRuntime 178,bizRuntime,bizRuntime25,MANAGEMENT,SeniorHR
bizRuntime20,bizRuntime 179,bizRuntime,bizRuntime3,MANAGEMENT,QA     
bizRuntime1 ,bizRuntime 180,bizRuntime,bizRuntime13,TESTING,SOFTWATEDEVELOPER
bizRuntime7 ,bizRuntime 181,bizRuntime,bizRuntime28,DEV    ,SOFTWATEDEVELOPER
bizRuntime10,bizRuntime 182,bizRuntime,bizRuntime16,DEV    ,SOFTWATEDEVELOPER
bizRuntime19,bizRuntime 183,bizRuntime,bizRuntime31,HR     ,QA     
bizRuntime14,bizRuntime 184,bizRuntime,bizRuntime29,QA     ,SOFTWATEDEVELOPER
bizRuntime17,bizRuntime 185,bizRuntime,bizRuntime21,HR     ,HR     
bizRuntime29,bizRuntime 186,bizRuntime,bizRuntime11,TESTING,SeniorHR
bizRuntime12,bizRuntime 187,bizRuntime,bizRuntime19,QA     ,HR     
bizRuntime23,bizRuntime 188,bizRuntime,bizRuntime24,DEV    ,SeniorHR
bizRuntime12,bizRuntime 189,bizRuntime,bizRuntime28,DEV    ,SOFTWATEDEVELOPER
bizRuntime7 ,bizRuntime 190,bizRuntime,bizRuntime22,QA     ,SOFTWATEDEVELOPER
bizRuntime20,bizRuntime 191,bizRuntime,bizRuntime7,QA     ,Junior 
bizRuntime20,bizRuntime 192,bizRuntime,bizRuntime31,HR     ,SOFTWATEDEVELOPER
bizRuntime15,bizRuntime 193,bizRuntime,bizRuntime6,TESTING,SeniorHR
bizRuntime9 ,bizRuntime 194,bizRuntime,bizRuntime11,QA     ,QA     
bizRuntime11,bizRuntime 195,bizRuntime,bizRuntime24,DEV    ,SOFTWATEDEVELOPER
bizRuntime26,bizRuntime 196,bizRuntime,bizRuntime32,HR     ,QA     
bizRuntime20,bizRuntime 197,bizRuntime,bizRuntime24,TESTING,SeniorHR
bizRuntime19,bizRuntime 198,bizRuntime,bizRuntime0,TESTING,QA     
bizRuntime29,bizRuntime 199,bizRuntime,bizRuntime15,QA     ,SOFTWATEDEVELOPER
bizRuntime24,bizRuntime 200,bizRuntime,bizRuntime12,MANAGEMENT,SeniorHR
