Google21    ,Google 1,Google ,Google24,TESTING,SeniorHR
Google11    ,Google 2,Google ,Google14,HR     ,HR     
Google24    ,Google 3,Google ,Google3,QA     ,SOFTWATEDEVELOPER
Google9     ,Google 4,Google ,Google29,HR     ,HR     
Google19    ,Google 5,Google ,Google25,DEV    ,Junior 
Google8     ,Google 6,Google ,Google5,DEV    ,SeniorHR
Google4     ,Google 7,Google ,Google5,MANAGEMENT,SeniorHR
Google11    ,Google 8,Google ,Google3,MANAGEMENT,HR     
Google6     ,Google 9,Google ,Google8,TESTING,HR     
Google3     ,Google 10,Google ,Google17,MANAGEMENT,Junior 
Google7     ,Google 11,Google ,Google10,QA     ,HR     
Google3     ,Google 12,Google ,Google5,HR     ,SeniorHR
Google16    ,Google 13,Google ,Google22,TESTING,SeniorHR
Google3     ,Google 14,Google ,Google10,TESTING,SeniorHR
Google13    ,Google 15,Google ,Google32,DEV    ,HR     
Google15    ,Google 16,Google ,Google17,MANAGEMENT,SOFTWATEDEVELOPER
Google3     ,Google 17,Google ,Google10,QA     ,Junior 
Google10    ,Google 18,Google ,Google25,HR     ,Junior 
Google30    ,Google 19,Google ,Google7,MANAGEMENT,QA     
Google16    ,Google 20,Google ,Google32,DEV    ,QA     
Google31    ,Google 21,Google ,Google14,MANAGEMENT,SOFTWATEDEVELOPER
Google17    ,Google 22,Google ,Google17,DEV    ,QA     
Google27    ,Google 23,Google ,Google3,MANAGEMENT,Junior 
Google4     ,Google 24,Google ,Google21,QA     ,SOFTWATEDEVELOPER
Google11    ,Google 25,Google ,Google1,DEV    ,QA     
Google18    ,Google 26,Google ,Google5,DEV    ,SOFTWATEDEVELOPER
Google17    ,Google 27,Google ,Google17,TESTING,QA     
Google14    ,Google 28,Google ,Google14,MANAGEMENT,SeniorHR
Google19    ,Google 29,Google ,Google13,DEV    ,Junior 
Google19    ,Google 30,Google ,Google10,HR     ,SeniorHR
Google3     ,Google 31,Google ,Google24,DEV    ,HR     
Google28    ,Google 32,Google ,Google1,MANAGEMENT,HR     
Google17    ,Google 33,Google ,Google7,QA     ,SeniorHR
Google24    ,Google 34,Google ,Google18,DEV    ,QA     
Google6     ,Google 35,Google ,Google7,HR     ,Junior 
Google32    ,Google 36,Google ,Google10,TESTING,HR     
Google4     ,Google 37,Google ,Google15,TESTING,SOFTWATEDEVELOPER
Google13    ,Google 38,Google ,Google21,HR     ,Junior 
Google30    ,Google 39,Google ,Google22,QA     ,QA     
Google31    ,Google 40,Google ,Google1,MANAGEMENT,SeniorHR
Google20    ,Google 41,Google ,Google8,DEV    ,HR     
Google27    ,Google 42,Google ,Google16,QA     ,Junior 
Google0     ,Google 43,Google ,Google14,MANAGEMENT,HR     
Google5     ,Google 44,Google ,Google2,TESTING,SOFTWATEDEVELOPER
Google10    ,Google 45,Google ,Google27,HR     ,SeniorHR
Google17    ,Google 46,Google ,Google5,MANAGEMENT,QA     
Google4     ,Google 47,Google ,Google19,TESTING,Junior 
Google28    ,Google 48,Google ,Google18,MANAGEMENT,Junior 
Google12    ,Google 49,Google ,Google22,DEV    ,SOFTWATEDEVELOPER
Google31    ,Google 50,Google ,Google7,TESTING,SOFTWATEDEVELOPER
Google24    ,Google 51,Google ,Google16,QA     ,QA     
Google27    ,Google 52,Google ,Google24,MANAGEMENT,QA     
Google2     ,Google 53,Google ,Google31,TESTING,Junior 
Google32    ,Google 54,Google ,Google14,MANAGEMENT,SeniorHR
Google12    ,Google 55,Google ,Google16,HR     ,HR     
Google31    ,Google 56,Google ,Google21,HR     ,SeniorHR
Google19    ,Google 57,Google ,Google23,MANAGEMENT,SeniorHR
Google23    ,Google 58,Google ,Google28,QA     ,Junior 
Google8     ,Google 59,Google ,Google13,QA     ,Junior 
Google15    ,Google 60,Google ,Google30,HR     ,HR     
Google23    ,Google 61,Google ,Google23,MANAGEMENT,QA     
Google1     ,Google 62,Google ,Google23,HR     ,QA     
Google24    ,Google 63,Google ,Google30,DEV    ,SeniorHR
Google4     ,Google 64,Google ,Google10,QA     ,Junior 
Google10    ,Google 65,Google ,Google8,DEV    ,Junior 
Google25    ,Google 66,Google ,Google12,HR     ,HR     
Google5     ,Google 67,Google ,Google14,MANAGEMENT,SeniorHR
Google26    ,Google 68,Google ,Google29,HR     ,SeniorHR
Google15    ,Google 69,Google ,Google23,TESTING,HR     
Google21    ,Google 70,Google ,Google8,TESTING,QA     
Google17    ,Google 71,Google ,Google1,QA     ,SOFTWATEDEVELOPER
Google17    ,Google 72,Google ,Google10,MANAGEMENT,QA     
Google23    ,Google 73,Google ,Google18,QA     ,HR     
Google18    ,Google 74,Google ,Google30,QA     ,HR     
Google18    ,Google 75,Google ,Google25,QA     ,SeniorHR
Google27    ,Google 76,Google ,Google20,HR     ,QA     
Google29    ,Google 77,Google ,Google28,HR     ,SeniorHR
Google26    ,Google 78,Google ,Google14,TESTING,Junior 
Google27    ,Google 79,Google ,Google15,TESTING,SOFTWATEDEVELOPER
Google21    ,Google 80,Google ,Google11,QA     ,QA     
Google16    ,Google 81,Google ,Google30,MANAGEMENT,HR     
Google5     ,Google 82,Google ,Google26,MANAGEMENT,SeniorHR
Google3     ,Google 83,Google ,Google6,QA     ,QA     
Google17    ,Google 84,Google ,Google27,HR     ,QA     
Google29    ,Google 85,Google ,Google29,MANAGEMENT,SOFTWATEDEVELOPER
Google10    ,Google 86,Google ,Google16,HR     ,HR     
Google3     ,Google 87,Google ,Google22,DEV    ,Junior 
Google10    ,Google 88,Google ,Google29,QA     ,HR     
Google1     ,Google 89,Google ,Google29,HR     ,QA     
Google25    ,Google 90,Google ,Google29,QA     ,Junior 
Google31    ,Google 91,Google ,Google15,DEV    ,SOFTWATEDEVELOPER
Google25    ,Google 92,Google ,Google17,TESTING,Junior 
Google14    ,Google 93,Google ,Google22,MANAGEMENT,SOFTWATEDEVELOPER
Google15    ,Google 94,Google ,Google2,TESTING,Junior 
Google25    ,Google 95,Google ,Google18,HR     ,SeniorHR
Google13    ,Google 96,Google ,Google28,DEV    ,HR     
Google16    ,Google 97,Google ,Google15,MANAGEMENT,SOFTWATEDEVELOPER
Google24    ,Google 98,Google ,Google3,HR     ,Junior 
Google6     ,Google 99,Google ,Google25,QA     ,QA     
Google5     ,Google 100,Google ,Google18,TESTING,SeniorHR
Google5     ,Google 101,Google ,Google12,QA     ,SOFTWATEDEVELOPER
Google1     ,Google 102,Google ,Google31,QA     ,QA     
Google12    ,Google 103,Google ,Google2,HR     ,Junior 
Google25    ,Google 104,Google ,Google6,QA     ,Junior 
Google8     ,Google 105,Google ,Google4,HR     ,HR     
Google22    ,Google 106,Google ,Google29,DEV    ,HR     
Google16    ,Google 107,Google ,Google27,TESTING,SOFTWATEDEVELOPER
Google12    ,Google 108,Google ,Google22,MANAGEMENT,HR     
Google2     ,Google 109,Google ,Google18,DEV    ,Junior 
Google7     ,Google 110,Google ,Google18,HR     ,SeniorHR
Google23    ,Google 111,Google ,Google28,DEV    ,SOFTWATEDEVELOPER
Google30    ,Google 112,Google ,Google31,DEV    ,QA     
Google3     ,Google 113,Google ,Google20,TESTING,Junior 
Google14    ,Google 114,Google ,Google5,MANAGEMENT,HR     
Google3     ,Google 115,Google ,Google8,HR     ,HR     
Google13    ,Google 116,Google ,Google1,QA     ,SOFTWATEDEVELOPER
Google7     ,Google 117,Google ,Google31,HR     ,HR     
Google29    ,Google 118,Google ,Google21,MANAGEMENT,SOFTWATEDEVELOPER
Google32    ,Google 119,Google ,Google18,QA     ,QA     
Google21    ,Google 120,Google ,Google20,TESTING,SeniorHR
Google19    ,Google 121,Google ,Google17,TESTING,SOFTWATEDEVELOPER
Google3     ,Google 122,Google ,Google27,QA     ,QA     
Google22    ,Google 123,Google ,Google0,MANAGEMENT,QA     
Google13    ,Google 124,Google ,Google30,HR     ,SOFTWATEDEVELOPER
Google8     ,Google 125,Google ,Google17,TESTING,QA     
Google28    ,Google 126,Google ,Google1,HR     ,SeniorHR
Google24    ,Google 127,Google ,Google28,HR     ,QA     
Google18    ,Google 128,Google ,Google1,QA     ,SeniorHR
Google28    ,Google 129,Google ,Google19,QA     ,QA     
Google15    ,Google 130,Google ,Google28,QA     ,SeniorHR
Google6     ,Google 131,Google ,Google6,TESTING,QA     
Google23    ,Google 132,Google ,Google29,DEV    ,Junior 
Google13    ,Google 133,Google ,Google31,TESTING,Junior 
Google7     ,Google 134,Google ,Google15,QA     ,SeniorHR
Google14    ,Google 135,Google ,Google4,HR     ,HR     
Google26    ,Google 136,Google ,Google29,DEV    ,SOFTWATEDEVELOPER
Google12    ,Google 137,Google ,Google14,HR     ,QA     
Google8     ,Google 138,Google ,Google8,HR     ,HR     
Google30    ,Google 139,Google ,Google0,QA     ,SOFTWATEDEVELOPER
Google17    ,Google 140,Google ,Google6,QA     ,QA     
Google18    ,Google 141,Google ,Google32,TESTING,SOFTWATEDEVELOPER
Google15    ,Google 142,Google ,Google16,DEV    ,HR     
Google30    ,Google 143,Google ,Google3,TESTING,HR     
Google28    ,Google 144,Google ,Google12,QA     ,HR     
Google27    ,Google 145,Google ,Google29,TESTING,HR     
Google25    ,Google 146,Google ,Google16,QA     ,Junior 
Google25    ,Google 147,Google ,Google6,DEV    ,HR     
Google22    ,Google 148,Google ,Google0,HR     ,HR     
Google13    ,Google 149,Google ,Google4,QA     ,QA     
Google14    ,Google 150,Google ,Google24,HR     ,QA     
Google5     ,Google 151,Google ,Google23,MANAGEMENT,Junior 
Google27    ,Google 152,Google ,Google28,TESTING,SeniorHR
Google12    ,Google 153,Google ,Google16,MANAGEMENT,SOFTWATEDEVELOPER
Google23    ,Google 154,Google ,Google14,HR     ,Junior 
Google6     ,Google 155,Google ,Google10,MANAGEMENT,HR     
Google9     ,Google 156,Google ,Google2,QA     ,QA     
Google2     ,Google 157,Google ,Google6,MANAGEMENT,SOFTWATEDEVELOPER
Google23    ,Google 158,Google ,Google26,MANAGEMENT,Junior 
Google24    ,Google 159,Google ,Google19,HR     ,Junior 
Google20    ,Google 160,Google ,Google20,DEV    ,QA     
Google22    ,Google 161,Google ,Google22,MANAGEMENT,Junior 
Google6     ,Google 162,Google ,Google13,TESTING,QA     
Google1     ,Google 163,Google ,Google20,QA     ,Junior 
Google30    ,Google 164,Google ,Google28,TESTING,Junior 
Google0     ,Google 165,Google ,Google32,HR     ,SOFTWATEDEVELOPER
Google30    ,Google 166,Google ,Google26,MANAGEMENT,SeniorHR
Google21    ,Google 167,Google ,Google24,MANAGEMENT,Junior 
Google10    ,Google 168,Google ,Google1,TESTING,SeniorHR
Google32    ,Google 169,Google ,Google30,QA     ,SOFTWATEDEVELOPER
Google8     ,Google 170,Google ,Google16,QA     ,SOFTWATEDEVELOPER
Google22    ,Google 171,Google ,Google31,QA     ,Junior 
Google6     ,Google 172,Google ,Google23,HR     ,QA     
Google0     ,Google 173,Google ,Google1,HR     ,SOFTWATEDEVELOPER
Google18    ,Google 174,Google ,Google23,MANAGEMENT,QA     
Google28    ,Google 175,Google ,Google8,TESTING,SeniorHR
Google17    ,Google 176,Google ,Google13,QA     ,Junior 
Google6     ,Google 177,Google ,Google1,HR     ,QA     
Google8     ,Google 178,Google ,Google32,MANAGEMENT,SeniorHR
Google10    ,Google 179,Google ,Google12,MANAGEMENT,QA     
Google4     ,Google 180,Google ,Google24,DEV    ,QA     
Google18    ,Google 181,Google ,Google32,HR     ,HR     
Google0     ,Google 182,Google ,Google26,HR     ,HR     
Google31    ,Google 183,Google ,Google24,QA     ,QA     
Google32    ,Google 184,Google ,Google7,HR     ,HR     
Google10    ,Google 185,Google ,Google21,MANAGEMENT,Junior 
Google17    ,Google 186,Google ,Google6,QA     ,Junior 
Google7     ,Google 187,Google ,Google16,DEV    ,Junior 
Google25    ,Google 188,Google ,Google0,QA     ,Junior 
Google29    ,Google 189,Google ,Google19,MANAGEMENT,SeniorHR
Google9     ,Google 190,Google ,Google12,MANAGEMENT,HR     
Google0     ,Google 191,Google ,Google30,HR     ,SeniorHR
Google8     ,Google 192,Google ,Google27,TESTING,Junior 
Google7     ,Google 193,Google ,Google21,QA     ,SeniorHR
Google29    ,Google 194,Google ,Google6,TESTING,HR     
Google11    ,Google 195,Google ,Google3,HR     ,SeniorHR
Google16    ,Google 196,Google ,Google26,TESTING,QA     
Google32    ,Google 197,Google ,Google21,HR     ,HR     
Google10    ,Google 198,Google ,Google19,MANAGEMENT,QA     
Google21    ,Google 199,Google ,Google15,HR     ,SOFTWATEDEVELOPER
Google4     ,Google 200,Google ,Google4,QA     ,HR     
