MicroSoft10 ,MicroSoft 1,MicroSoft,MicroSoft14,TESTING,Junior 
MicroSoft0  ,MicroSoft 2,MicroSoft,MicroSoft18,QA     ,SOFTWATEDEVELOPER
MicroSoft16 ,MicroSoft 3,MicroSoft,MicroSoft18,TESTING,QA     
MicroSoft13 ,MicroSoft 4,MicroSoft,MicroSoft1,MANAGEMENT,Junior 
MicroSoft19 ,MicroSoft 5,MicroSoft,MicroSoft28,TESTING,SeniorHR
MicroSoft25 ,MicroSoft 6,MicroSoft,MicroSoft8,MANAGEMENT,SeniorHR
MicroSoft21 ,MicroSoft 7,MicroSoft,MicroSoft0,HR     ,Junior 
MicroSoft11 ,MicroSoft 8,MicroSoft,MicroSoft9,HR     ,QA     
MicroSoft26 ,MicroSoft 9,MicroSoft,MicroSoft27,MANAGEMENT,Junior 
MicroSoft8  ,MicroSoft 10,MicroSoft,MicroSoft23,TESTING,QA     
MicroSoft15 ,MicroSoft 11,MicroSoft,MicroSoft31,QA     ,Junior 
MicroSoft8  ,MicroSoft 12,MicroSoft,MicroSoft1,HR     ,SOFTWATEDEVELOPER
MicroSoft20 ,MicroSoft 13,MicroSoft,MicroSoft17,HR     ,HR     
MicroSoft20 ,MicroSoft 14,MicroSoft,MicroSoft21,TESTING,Junior 
MicroSoft19 ,MicroSoft 15,MicroSoft,MicroSoft1,DEV    ,QA     
MicroSoft16 ,MicroSoft 16,MicroSoft,MicroSoft18,DEV    ,HR     
MicroSoft15 ,MicroSoft 17,MicroSoft,MicroSoft19,HR     ,SeniorHR
MicroSoft2  ,MicroSoft 18,MicroSoft,MicroSoft28,MANAGEMENT,QA     
MicroSoft11 ,MicroSoft 19,MicroSoft,MicroSoft22,MANAGEMENT,QA     
MicroSoft18 ,MicroSoft 20,MicroSoft,MicroSoft24,HR     ,SOFTWATEDEVELOPER
MicroSoft29 ,MicroSoft 21,MicroSoft,MicroSoft13,TESTING,QA     
MicroSoft9  ,MicroSoft 22,MicroSoft,MicroSoft25,HR     ,Junior 
MicroSoft8  ,MicroSoft 23,MicroSoft,MicroSoft29,TESTING,HR     
MicroSoft10 ,MicroSoft 24,MicroSoft,MicroSoft16,DEV    ,QA     
MicroSoft19 ,MicroSoft 25,MicroSoft,MicroSoft15,QA     ,SOFTWATEDEVELOPER
MicroSoft0  ,MicroSoft 26,MicroSoft,MicroSoft17,TESTING,SOFTWATEDEVELOPER
MicroSoft21 ,MicroSoft 27,MicroSoft,MicroSoft4,MANAGEMENT,QA     
MicroSoft23 ,MicroSoft 28,MicroSoft,MicroSoft25,TESTING,QA     
MicroSoft28 ,MicroSoft 29,MicroSoft,MicroSoft26,HR     ,Junior 
MicroSoft1  ,MicroSoft 30,MicroSoft,MicroSoft18,MANAGEMENT,SOFTWATEDEVELOPER
MicroSoft13 ,MicroSoft 31,MicroSoft,MicroSoft29,DEV    ,Junior 
MicroSoft11 ,MicroSoft 32,MicroSoft,MicroSoft21,TESTING,QA     
MicroSoft10 ,MicroSoft 33,MicroSoft,MicroSoft1,DEV    ,Junior 
MicroSoft4  ,MicroSoft 34,MicroSoft,MicroSoft17,TESTING,HR     
MicroSoft28 ,MicroSoft 35,MicroSoft,MicroSoft25,HR     ,Junior 
MicroSoft27 ,MicroSoft 36,MicroSoft,MicroSoft8,TESTING,SeniorHR
MicroSoft12 ,MicroSoft 37,MicroSoft,MicroSoft22,DEV    ,SeniorHR
MicroSoft13 ,MicroSoft 38,MicroSoft,MicroSoft8,MANAGEMENT,Junior 
MicroSoft18 ,MicroSoft 39,MicroSoft,MicroSoft30,DEV    ,Junior 
MicroSoft7  ,MicroSoft 40,MicroSoft,MicroSoft11,TESTING,Junior 
MicroSoft19 ,MicroSoft 41,MicroSoft,MicroSoft3,QA     ,SOFTWATEDEVELOPER
MicroSoft17 ,MicroSoft 42,MicroSoft,MicroSoft13,QA     ,HR     
MicroSoft6  ,MicroSoft 43,MicroSoft,MicroSoft23,DEV    ,HR     
MicroSoft13 ,MicroSoft 44,MicroSoft,MicroSoft25,MANAGEMENT,Junior 
MicroSoft15 ,MicroSoft 45,MicroSoft,MicroSoft27,MANAGEMENT,SOFTWATEDEVELOPER
MicroSoft8  ,MicroSoft 46,MicroSoft,MicroSoft0,TESTING,Junior 
MicroSoft6  ,MicroSoft 47,MicroSoft,MicroSoft7,TESTING,HR     
MicroSoft9  ,MicroSoft 48,MicroSoft,MicroSoft16,HR     ,SeniorHR
MicroSoft11 ,MicroSoft 49,MicroSoft,MicroSoft4,TESTING,SOFTWATEDEVELOPER
MicroSoft21 ,MicroSoft 50,MicroSoft,MicroSoft24,MANAGEMENT,QA     
MicroSoft0  ,MicroSoft 51,MicroSoft,MicroSoft2,DEV    ,SOFTWATEDEVELOPER
MicroSoft0  ,MicroSoft 52,MicroSoft,MicroSoft19,TESTING,SOFTWATEDEVELOPER
MicroSoft2  ,MicroSoft 53,MicroSoft,MicroSoft2,QA     ,HR     
MicroSoft18 ,MicroSoft 54,MicroSoft,MicroSoft25,QA     ,SeniorHR
MicroSoft21 ,MicroSoft 55,MicroSoft,MicroSoft17,TESTING,HR     
MicroSoft28 ,MicroSoft 56,MicroSoft,MicroSoft15,HR     ,SOFTWATEDEVELOPER
MicroSoft19 ,MicroSoft 57,MicroSoft,MicroSoft24,MANAGEMENT,HR     
MicroSoft6  ,MicroSoft 58,MicroSoft,MicroSoft5,TESTING,SOFTWATEDEVELOPER
MicroSoft29 ,MicroSoft 59,MicroSoft,MicroSoft27,QA     ,Junior 
MicroSoft22 ,MicroSoft 60,MicroSoft,MicroSoft25,HR     ,SeniorHR
MicroSoft21 ,MicroSoft 61,MicroSoft,MicroSoft25,HR     ,HR     
MicroSoft28 ,MicroSoft 62,MicroSoft,MicroSoft25,MANAGEMENT,SeniorHR
MicroSoft12 ,MicroSoft 63,MicroSoft,MicroSoft0,HR     ,Junior 
MicroSoft7  ,MicroSoft 64,MicroSoft,MicroSoft22,HR     ,SeniorHR
MicroSoft1  ,MicroSoft 65,MicroSoft,MicroSoft20,HR     ,HR     
MicroSoft23 ,MicroSoft 66,MicroSoft,MicroSoft9,TESTING,QA     
MicroSoft19 ,MicroSoft 67,MicroSoft,MicroSoft29,TESTING,SOFTWATEDEVELOPER
MicroSoft4  ,MicroSoft 68,MicroSoft,MicroSoft18,MANAGEMENT,QA     
MicroSoft15 ,MicroSoft 69,MicroSoft,MicroSoft30,QA     ,Junior 
MicroSoft11 ,MicroSoft 70,MicroSoft,MicroSoft26,MANAGEMENT,QA     
MicroSoft26 ,MicroSoft 71,MicroSoft,MicroSoft10,MANAGEMENT,Junior 
MicroSoft3  ,MicroSoft 72,MicroSoft,MicroSoft12,TESTING,HR     
MicroSoft24 ,MicroSoft 73,MicroSoft,MicroSoft3,HR     ,Junior 
MicroSoft21 ,MicroSoft 74,MicroSoft,MicroSoft26,MANAGEMENT,HR     
MicroSoft5  ,MicroSoft 75,MicroSoft,MicroSoft7,QA     ,QA     
MicroSoft8  ,MicroSoft 76,MicroSoft,MicroSoft6,TESTING,QA     
MicroSoft4  ,MicroSoft 77,MicroSoft,MicroSoft5,QA     ,HR     
MicroSoft0  ,MicroSoft 78,MicroSoft,MicroSoft32,HR     ,HR     
MicroSoft25 ,MicroSoft 79,MicroSoft,MicroSoft9,TESTING,HR     
MicroSoft12 ,MicroSoft 80,MicroSoft,MicroSoft13,MANAGEMENT,HR     
MicroSoft13 ,MicroSoft 81,MicroSoft,MicroSoft9,HR     ,Junior 
MicroSoft13 ,MicroSoft 82,MicroSoft,MicroSoft26,DEV    ,SOFTWATEDEVELOPER
MicroSoft1  ,MicroSoft 83,MicroSoft,MicroSoft10,MANAGEMENT,Junior 
MicroSoft5  ,MicroSoft 84,MicroSoft,MicroSoft29,TESTING,SeniorHR
MicroSoft29 ,MicroSoft 85,MicroSoft,MicroSoft2,HR     ,QA     
MicroSoft23 ,MicroSoft 86,MicroSoft,MicroSoft5,HR     ,SOFTWATEDEVELOPER
MicroSoft30 ,MicroSoft 87,MicroSoft,MicroSoft29,DEV    ,HR     
MicroSoft10 ,MicroSoft 88,MicroSoft,MicroSoft17,MANAGEMENT,SOFTWATEDEVELOPER
MicroSoft14 ,MicroSoft 89,MicroSoft,MicroSoft13,TESTING,QA     
MicroSoft6  ,MicroSoft 90,MicroSoft,MicroSoft13,TESTING,HR     
MicroSoft30 ,MicroSoft 91,MicroSoft,MicroSoft32,DEV    ,SOFTWATEDEVELOPER
MicroSoft1  ,MicroSoft 92,MicroSoft,MicroSoft2,HR     ,QA     
MicroSoft24 ,MicroSoft 93,MicroSoft,MicroSoft28,TESTING,HR     
MicroSoft12 ,MicroSoft 94,MicroSoft,MicroSoft28,TESTING,HR     
MicroSoft3  ,MicroSoft 95,MicroSoft,MicroSoft8,HR     ,SeniorHR
MicroSoft17 ,MicroSoft 96,MicroSoft,MicroSoft28,DEV    ,SeniorHR
MicroSoft11 ,MicroSoft 97,MicroSoft,MicroSoft6,QA     ,SOFTWATEDEVELOPER
MicroSoft11 ,MicroSoft 98,MicroSoft,MicroSoft18,DEV    ,SeniorHR
MicroSoft21 ,MicroSoft 99,MicroSoft,MicroSoft24,HR     ,SOFTWATEDEVELOPER
MicroSoft29 ,MicroSoft 100,MicroSoft,MicroSoft15,QA     ,QA     
MicroSoft27 ,MicroSoft 101,MicroSoft,MicroSoft13,QA     ,SeniorHR
MicroSoft1  ,MicroSoft 102,MicroSoft,MicroSoft21,DEV    ,SeniorHR
MicroSoft30 ,MicroSoft 103,MicroSoft,MicroSoft10,MANAGEMENT,QA     
MicroSoft11 ,MicroSoft 104,MicroSoft,MicroSoft30,QA     ,Junior 
MicroSoft20 ,MicroSoft 105,MicroSoft,MicroSoft25,DEV    ,QA     
MicroSoft14 ,MicroSoft 106,MicroSoft,MicroSoft11,TESTING,Junior 
MicroSoft15 ,MicroSoft 107,MicroSoft,MicroSoft32,QA     ,SOFTWATEDEVELOPER
MicroSoft27 ,MicroSoft 108,MicroSoft,MicroSoft24,DEV    ,SOFTWATEDEVELOPER
MicroSoft18 ,MicroSoft 109,MicroSoft,MicroSoft7,QA     ,Junior 
MicroSoft8  ,MicroSoft 110,MicroSoft,MicroSoft28,TESTING,SOFTWATEDEVELOPER
MicroSoft26 ,MicroSoft 111,MicroSoft,MicroSoft2,MANAGEMENT,Junior 
MicroSoft22 ,MicroSoft 112,MicroSoft,MicroSoft14,HR     ,SOFTWATEDEVELOPER
MicroSoft31 ,MicroSoft 113,MicroSoft,MicroSoft31,HR     ,Junior 
MicroSoft3  ,MicroSoft 114,MicroSoft,MicroSoft28,TESTING,SeniorHR
MicroSoft28 ,MicroSoft 115,MicroSoft,MicroSoft13,HR     ,Junior 
MicroSoft0  ,MicroSoft 116,MicroSoft,MicroSoft24,QA     ,Junior 
MicroSoft31 ,MicroSoft 117,MicroSoft,MicroSoft8,DEV    ,Junior 
MicroSoft8  ,MicroSoft 118,MicroSoft,MicroSoft21,MANAGEMENT,SOFTWATEDEVELOPER
MicroSoft9  ,MicroSoft 119,MicroSoft,MicroSoft21,HR     ,HR     
MicroSoft16 ,MicroSoft 120,MicroSoft,MicroSoft16,TESTING,Junior 
MicroSoft28 ,MicroSoft 121,MicroSoft,MicroSoft29,QA     ,QA     
MicroSoft20 ,MicroSoft 122,MicroSoft,MicroSoft7,TESTING,SOFTWATEDEVELOPER
MicroSoft26 ,MicroSoft 123,MicroSoft,MicroSoft5,DEV    ,QA     
MicroSoft28 ,MicroSoft 124,MicroSoft,MicroSoft14,QA     ,Junior 
MicroSoft11 ,MicroSoft 125,MicroSoft,MicroSoft21,HR     ,SeniorHR
MicroSoft1  ,MicroSoft 126,MicroSoft,MicroSoft1,TESTING,HR     
MicroSoft4  ,MicroSoft 127,MicroSoft,MicroSoft12,MANAGEMENT,SeniorHR
MicroSoft26 ,MicroSoft 128,MicroSoft,MicroSoft2,MANAGEMENT,HR     
MicroSoft29 ,MicroSoft 129,MicroSoft,MicroSoft32,HR     ,Junior 
MicroSoft1  ,MicroSoft 130,MicroSoft,MicroSoft27,TESTING,SOFTWATEDEVELOPER
MicroSoft24 ,MicroSoft 131,MicroSoft,MicroSoft22,DEV    ,Junior 
MicroSoft13 ,MicroSoft 132,MicroSoft,MicroSoft31,MANAGEMENT,QA     
MicroSoft31 ,MicroSoft 133,MicroSoft,MicroSoft32,HR     ,QA     
MicroSoft13 ,MicroSoft 134,MicroSoft,MicroSoft2,MANAGEMENT,QA     
MicroSoft14 ,MicroSoft 135,MicroSoft,MicroSoft13,QA     ,HR     
MicroSoft13 ,MicroSoft 136,MicroSoft,MicroSoft1,MANAGEMENT,SOFTWATEDEVELOPER
MicroSoft6  ,MicroSoft 137,MicroSoft,MicroSoft28,MANAGEMENT,QA     
MicroSoft7  ,MicroSoft 138,MicroSoft,MicroSoft19,MANAGEMENT,SeniorHR
MicroSoft4  ,MicroSoft 139,MicroSoft,MicroSoft11,QA     ,HR     
MicroSoft24 ,MicroSoft 140,MicroSoft,MicroSoft12,MANAGEMENT,Junior 
MicroSoft16 ,MicroSoft 141,MicroSoft,MicroSoft31,TESTING,QA     
MicroSoft2  ,MicroSoft 142,MicroSoft,MicroSoft4,MANAGEMENT,QA     
MicroSoft32 ,MicroSoft 143,MicroSoft,MicroSoft11,QA     ,SOFTWATEDEVELOPER
MicroSoft3  ,MicroSoft 144,MicroSoft,MicroSoft9,DEV    ,SOFTWATEDEVELOPER
MicroSoft25 ,MicroSoft 145,MicroSoft,MicroSoft18,MANAGEMENT,SeniorHR
MicroSoft0  ,MicroSoft 146,MicroSoft,MicroSoft32,QA     ,HR     
MicroSoft0  ,MicroSoft 147,MicroSoft,MicroSoft16,QA     ,Junior 
MicroSoft12 ,MicroSoft 148,MicroSoft,MicroSoft20,HR     ,Junior 
MicroSoft17 ,MicroSoft 149,MicroSoft,MicroSoft18,QA     ,SeniorHR
MicroSoft17 ,MicroSoft 150,MicroSoft,MicroSoft3,QA     ,Junior 
MicroSoft29 ,MicroSoft 151,MicroSoft,MicroSoft3,MANAGEMENT,QA     
MicroSoft30 ,MicroSoft 152,MicroSoft,MicroSoft11,TESTING,QA     
MicroSoft0  ,MicroSoft 153,MicroSoft,MicroSoft32,TESTING,Junior 
MicroSoft15 ,MicroSoft 154,MicroSoft,MicroSoft11,HR     ,SeniorHR
MicroSoft11 ,MicroSoft 155,MicroSoft,MicroSoft4,MANAGEMENT,SeniorHR
MicroSoft14 ,MicroSoft 156,MicroSoft,MicroSoft30,TESTING,HR     
MicroSoft8  ,MicroSoft 157,MicroSoft,MicroSoft20,HR     ,SeniorHR
MicroSoft18 ,MicroSoft 158,MicroSoft,MicroSoft29,HR     ,SOFTWATEDEVELOPER
MicroSoft30 ,MicroSoft 159,MicroSoft,MicroSoft28,QA     ,QA     
MicroSoft2  ,MicroSoft 160,MicroSoft,MicroSoft24,TESTING,SOFTWATEDEVELOPER
MicroSoft3  ,MicroSoft 161,MicroSoft,MicroSoft29,HR     ,SeniorHR
MicroSoft0  ,MicroSoft 162,MicroSoft,MicroSoft30,TESTING,Junior 
MicroSoft13 ,MicroSoft 163,MicroSoft,MicroSoft6,HR     ,HR     
MicroSoft9  ,MicroSoft 164,MicroSoft,MicroSoft2,QA     ,QA     
MicroSoft22 ,MicroSoft 165,MicroSoft,MicroSoft17,QA     ,HR     
MicroSoft7  ,MicroSoft 166,MicroSoft,MicroSoft28,DEV    ,Junior 
MicroSoft26 ,MicroSoft 167,MicroSoft,MicroSoft29,DEV    ,SOFTWATEDEVELOPER
MicroSoft24 ,MicroSoft 168,MicroSoft,MicroSoft7,TESTING,SOFTWATEDEVELOPER
MicroSoft22 ,MicroSoft 169,MicroSoft,MicroSoft4,TESTING,SeniorHR
MicroSoft29 ,MicroSoft 170,MicroSoft,MicroSoft0,DEV    ,HR     
MicroSoft1  ,MicroSoft 171,MicroSoft,MicroSoft31,HR     ,HR     
MicroSoft27 ,MicroSoft 172,MicroSoft,MicroSoft25,TESTING,QA     
MicroSoft8  ,MicroSoft 173,MicroSoft,MicroSoft20,DEV    ,SeniorHR
MicroSoft4  ,MicroSoft 174,MicroSoft,MicroSoft5,TESTING,HR     
MicroSoft20 ,MicroSoft 175,MicroSoft,MicroSoft30,TESTING,Junior 
MicroSoft22 ,MicroSoft 176,MicroSoft,MicroSoft31,TESTING,Junior 
MicroSoft24 ,MicroSoft 177,MicroSoft,MicroSoft15,QA     ,Junior 
MicroSoft20 ,MicroSoft 178,MicroSoft,MicroSoft2,HR     ,SOFTWATEDEVELOPER
MicroSoft5  ,MicroSoft 179,MicroSoft,MicroSoft8,DEV    ,HR     
MicroSoft25 ,MicroSoft 180,MicroSoft,MicroSoft29,DEV    ,Junior 
MicroSoft16 ,MicroSoft 181,MicroSoft,MicroSoft13,DEV    ,Junior 
MicroSoft0  ,MicroSoft 182,MicroSoft,MicroSoft30,TESTING,SeniorHR
MicroSoft23 ,MicroSoft 183,MicroSoft,MicroSoft7,MANAGEMENT,QA     
MicroSoft14 ,MicroSoft 184,MicroSoft,MicroSoft8,QA     ,Junior 
MicroSoft16 ,MicroSoft 185,MicroSoft,MicroSoft30,QA     ,HR     
MicroSoft1  ,MicroSoft 186,MicroSoft,MicroSoft8,DEV    ,Junior 
MicroSoft17 ,MicroSoft 187,MicroSoft,MicroSoft19,DEV    ,QA     
MicroSoft31 ,MicroSoft 188,MicroSoft,MicroSoft5,TESTING,SOFTWATEDEVELOPER
MicroSoft21 ,MicroSoft 189,MicroSoft,MicroSoft18,QA     ,HR     
MicroSoft18 ,MicroSoft 190,MicroSoft,MicroSoft11,HR     ,QA     
MicroSoft0  ,MicroSoft 191,MicroSoft,MicroSoft7,TESTING,HR     
MicroSoft4  ,MicroSoft 192,MicroSoft,MicroSoft4,DEV    ,QA     
MicroSoft19 ,MicroSoft 193,MicroSoft,MicroSoft3,QA     ,QA     
MicroSoft9  ,MicroSoft 194,MicroSoft,MicroSoft30,MANAGEMENT,HR     
MicroSoft6  ,MicroSoft 195,MicroSoft,MicroSoft6,TESTING,SeniorHR
MicroSoft17 ,MicroSoft 196,MicroSoft,MicroSoft19,TESTING,SeniorHR
MicroSoft25 ,MicroSoft 197,MicroSoft,MicroSoft6,DEV    ,QA     
MicroSoft20 ,MicroSoft 198,MicroSoft,MicroSoft13,TESTING,Junior 
MicroSoft25 ,MicroSoft 199,MicroSoft,MicroSoft27,DEV    ,QA     
MicroSoft27 ,MicroSoft 200,MicroSoft,MicroSoft27,HR     ,HR     
