Tcs28       ,Tcs 1  ,Tcs    ,Tcs1   ,MANAGEMENT,HR     
Tcs2        ,Tcs 2  ,Tcs    ,Tcs16  ,TESTING,Junior 
Tcs16       ,Tcs 3  ,Tcs    ,Tcs26  ,HR     ,Junior 
Tcs12       ,Tcs 4  ,Tcs    ,Tcs27  ,HR     ,Junior 
Tcs8        ,Tcs 5  ,Tcs    ,Tcs8   ,MANAGEMENT,QA     
Tcs13       ,Tcs 6  ,Tcs    ,Tcs31  ,HR     ,Junior 
Tcs12       ,Tcs 7  ,Tcs    ,Tcs16  ,MANAGEMENT,HR     
Tcs18       ,Tcs 8  ,Tcs    ,Tcs28  ,DEV    ,HR     
Tcs3        ,Tcs 9  ,Tcs    ,Tcs7   ,TESTING,SOFTWATEDEVELOPER
Tcs9        ,Tcs 10 ,Tcs    ,Tcs15  ,HR     ,QA     
Tcs11       ,Tcs 11 ,Tcs    ,Tcs15  ,QA     ,SOFTWATEDEVELOPER
Tcs5        ,Tcs 12 ,Tcs    ,Tcs11  ,DEV    ,QA     
Tcs21       ,Tcs 13 ,Tcs    ,Tcs23  ,MANAGEMENT,SOFTWATEDEVELOPER
Tcs11       ,Tcs 14 ,Tcs    ,Tcs30  ,HR     ,QA     
Tcs1        ,Tcs 15 ,Tcs    ,Tcs28  ,MANAGEMENT,SeniorHR
Tcs22       ,Tcs 16 ,Tcs    ,Tcs5   ,TESTING,SOFTWATEDEVELOPER
Tcs16       ,Tcs 17 ,Tcs    ,Tcs29  ,MANAGEMENT,Junior 
Tcs14       ,Tcs 18 ,Tcs    ,Tcs14  ,QA     ,QA     
Tcs5        ,Tcs 19 ,Tcs    ,Tcs28  ,TESTING,QA     
Tcs10       ,Tcs 20 ,Tcs    ,Tcs7   ,MANAGEMENT,Junior 
Tcs6        ,Tcs 21 ,Tcs    ,Tcs30  ,QA     ,QA     
Tcs32       ,Tcs 22 ,Tcs    ,Tcs22  ,MANAGEMENT,Junior 
Tcs1        ,Tcs 23 ,Tcs    ,Tcs16  ,QA     ,SeniorHR
Tcs16       ,Tcs 24 ,Tcs    ,Tcs16  ,DEV    ,Junior 
Tcs29       ,Tcs 25 ,Tcs    ,Tcs0   ,DEV    ,HR     
Tcs11       ,Tcs 26 ,Tcs    ,Tcs4   ,TESTING,HR     
Tcs30       ,Tcs 27 ,Tcs    ,Tcs2   ,TESTING,SeniorHR
Tcs14       ,Tcs 28 ,Tcs    ,Tcs7   ,TESTING,QA     
Tcs32       ,Tcs 29 ,Tcs    ,Tcs31  ,DEV    ,SOFTWATEDEVELOPER
Tcs17       ,Tcs 30 ,Tcs    ,Tcs23  ,QA     ,QA     
Tcs1        ,Tcs 31 ,Tcs    ,Tcs26  ,HR     ,QA     
Tcs23       ,Tcs 32 ,Tcs    ,Tcs12  ,DEV    ,SOFTWATEDEVELOPER
Tcs19       ,Tcs 33 ,Tcs    ,Tcs9   ,HR     ,HR     
Tcs32       ,Tcs 34 ,Tcs    ,Tcs19  ,QA     ,Junior 
Tcs14       ,Tcs 35 ,Tcs    ,Tcs13  ,MANAGEMENT,QA     
Tcs8        ,Tcs 36 ,Tcs    ,Tcs12  ,QA     ,QA     
Tcs30       ,Tcs 37 ,Tcs    ,Tcs30  ,TESTING,SeniorHR
Tcs4        ,Tcs 38 ,Tcs    ,Tcs17  ,QA     ,Junior 
Tcs12       ,Tcs 39 ,Tcs    ,Tcs14  ,DEV    ,SeniorHR
Tcs0        ,Tcs 40 ,Tcs    ,Tcs19  ,TESTING,SeniorHR
Tcs25       ,Tcs 41 ,Tcs    ,Tcs25  ,MANAGEMENT,Junior 
Tcs6        ,Tcs 42 ,Tcs    ,Tcs9   ,MANAGEMENT,HR     
Tcs10       ,Tcs 43 ,Tcs    ,Tcs9   ,DEV    ,Junior 
Tcs26       ,Tcs 44 ,Tcs    ,Tcs23  ,TESTING,SOFTWATEDEVELOPER
Tcs1        ,Tcs 45 ,Tcs    ,Tcs9   ,MANAGEMENT,SOFTWATEDEVELOPER
Tcs31       ,Tcs 46 ,Tcs    ,Tcs24  ,TESTING,Junior 
Tcs21       ,Tcs 47 ,Tcs    ,Tcs28  ,MANAGEMENT,SeniorHR
Tcs11       ,Tcs 48 ,Tcs    ,Tcs2   ,HR     ,QA     
Tcs30       ,Tcs 49 ,Tcs    ,Tcs11  ,HR     ,SeniorHR
Tcs15       ,Tcs 50 ,Tcs    ,Tcs20  ,QA     ,SOFTWATEDEVELOPER
Tcs3        ,Tcs 51 ,Tcs    ,Tcs0   ,DEV    ,QA     
Tcs7        ,Tcs 52 ,Tcs    ,Tcs16  ,DEV    ,SOFTWATEDEVELOPER
Tcs27       ,Tcs 53 ,Tcs    ,Tcs19  ,TESTING,SOFTWATEDEVELOPER
Tcs19       ,Tcs 54 ,Tcs    ,Tcs22  ,QA     ,Junior 
Tcs7        ,Tcs 55 ,Tcs    ,Tcs27  ,TESTING,HR     
Tcs11       ,Tcs 56 ,Tcs    ,Tcs8   ,HR     ,HR     
Tcs7        ,Tcs 57 ,Tcs    ,Tcs14  ,DEV    ,SeniorHR
Tcs18       ,Tcs 58 ,Tcs    ,Tcs3   ,HR     ,HR     
Tcs22       ,Tcs 59 ,Tcs    ,Tcs10  ,QA     ,QA     
Tcs16       ,Tcs 60 ,Tcs    ,Tcs23  ,MANAGEMENT,Junior 
Tcs15       ,Tcs 61 ,Tcs    ,Tcs9   ,QA     ,SOFTWATEDEVELOPER
Tcs18       ,Tcs 62 ,Tcs    ,Tcs11  ,DEV    ,HR     
Tcs24       ,Tcs 63 ,Tcs    ,Tcs5   ,DEV    ,SOFTWATEDEVELOPER
Tcs5        ,Tcs 64 ,Tcs    ,Tcs9   ,DEV    ,QA     
Tcs32       ,Tcs 65 ,Tcs    ,Tcs0   ,TESTING,SOFTWATEDEVELOPER
Tcs8        ,Tcs 66 ,Tcs    ,Tcs31  ,HR     ,SOFTWATEDEVELOPER
Tcs13       ,Tcs 67 ,Tcs    ,Tcs4   ,HR     ,HR     
Tcs0        ,Tcs 68 ,Tcs    ,Tcs22  ,TESTING,SeniorHR
Tcs1        ,Tcs 69 ,Tcs    ,Tcs10  ,MANAGEMENT,Junior 
Tcs17       ,Tcs 70 ,Tcs    ,Tcs10  ,QA     ,QA     
Tcs6        ,Tcs 71 ,Tcs    ,Tcs0   ,QA     ,SeniorHR
Tcs27       ,Tcs 72 ,Tcs    ,Tcs18  ,DEV    ,HR     
Tcs32       ,Tcs 73 ,Tcs    ,Tcs27  ,MANAGEMENT,SeniorHR
Tcs4        ,Tcs 74 ,Tcs    ,Tcs0   ,MANAGEMENT,SeniorHR
Tcs7        ,Tcs 75 ,Tcs    ,Tcs32  ,DEV    ,SeniorHR
Tcs10       ,Tcs 76 ,Tcs    ,Tcs32  ,DEV    ,Junior 
Tcs21       ,Tcs 77 ,Tcs    ,Tcs25  ,TESTING,QA     
Tcs14       ,Tcs 78 ,Tcs    ,Tcs9   ,DEV    ,SOFTWATEDEVELOPER
Tcs12       ,Tcs 79 ,Tcs    ,Tcs22  ,TESTING,HR     
Tcs8        ,Tcs 80 ,Tcs    ,Tcs22  ,MANAGEMENT,QA     
Tcs29       ,Tcs 81 ,Tcs    ,Tcs22  ,DEV    ,Junior 
Tcs24       ,Tcs 82 ,Tcs    ,Tcs0   ,DEV    ,Junior 
Tcs14       ,Tcs 83 ,Tcs    ,Tcs11  ,MANAGEMENT,SeniorHR
Tcs31       ,Tcs 84 ,Tcs    ,Tcs7   ,TESTING,HR     
Tcs26       ,Tcs 85 ,Tcs    ,Tcs20  ,QA     ,Junior 
Tcs31       ,Tcs 86 ,Tcs    ,Tcs13  ,MANAGEMENT,SOFTWATEDEVELOPER
Tcs17       ,Tcs 87 ,Tcs    ,Tcs9   ,HR     ,SeniorHR
Tcs13       ,Tcs 88 ,Tcs    ,Tcs20  ,DEV    ,SeniorHR
Tcs3        ,Tcs 89 ,Tcs    ,Tcs15  ,TESTING,SOFTWATEDEVELOPER
Tcs22       ,Tcs 90 ,Tcs    ,Tcs1   ,DEV    ,SOFTWATEDEVELOPER
Tcs13       ,Tcs 91 ,Tcs    ,Tcs18  ,DEV    ,Junior 
Tcs15       ,Tcs 92 ,Tcs    ,Tcs25  ,QA     ,Junior 
Tcs3        ,Tcs 93 ,Tcs    ,Tcs12  ,TESTING,SOFTWATEDEVELOPER
Tcs30       ,Tcs 94 ,Tcs    ,Tcs26  ,MANAGEMENT,SeniorHR
Tcs23       ,Tcs 95 ,Tcs    ,Tcs19  ,QA     ,SeniorHR
Tcs29       ,Tcs 96 ,Tcs    ,Tcs30  ,TESTING,QA     
Tcs3        ,Tcs 97 ,Tcs    ,Tcs9   ,TESTING,SeniorHR
Tcs22       ,Tcs 98 ,Tcs    ,Tcs31  ,TESTING,SOFTWATEDEVELOPER
Tcs8        ,Tcs 99 ,Tcs    ,Tcs3   ,QA     ,HR     
Tcs0        ,Tcs 100,Tcs    ,Tcs28  ,DEV    ,SOFTWATEDEVELOPER
Tcs18       ,Tcs 101,Tcs    ,Tcs31  ,DEV    ,Junior 
Tcs6        ,Tcs 102,Tcs    ,Tcs19  ,QA     ,HR     
Tcs18       ,Tcs 103,Tcs    ,Tcs2   ,MANAGEMENT,Junior 
Tcs14       ,Tcs 104,Tcs    ,Tcs29  ,QA     ,SeniorHR
Tcs32       ,Tcs 105,Tcs    ,Tcs19  ,MANAGEMENT,Junior 
Tcs11       ,Tcs 106,Tcs    ,Tcs7   ,TESTING,Junior 
Tcs27       ,Tcs 107,Tcs    ,Tcs22  ,DEV    ,QA     
Tcs4        ,Tcs 108,Tcs    ,Tcs17  ,TESTING,QA     
Tcs11       ,Tcs 109,Tcs    ,Tcs28  ,MANAGEMENT,QA     
Tcs18       ,Tcs 110,Tcs    ,Tcs18  ,QA     ,SeniorHR
Tcs22       ,Tcs 111,Tcs    ,Tcs3   ,MANAGEMENT,SOFTWATEDEVELOPER
Tcs1        ,Tcs 112,Tcs    ,Tcs14  ,DEV    ,HR     
Tcs11       ,Tcs 113,Tcs    ,Tcs6   ,TESTING,SeniorHR
Tcs30       ,Tcs 114,Tcs    ,Tcs2   ,TESTING,HR     
Tcs15       ,Tcs 115,Tcs    ,Tcs6   ,DEV    ,SeniorHR
Tcs6        ,Tcs 116,Tcs    ,Tcs25  ,HR     ,Junior 
Tcs19       ,Tcs 117,Tcs    ,Tcs1   ,QA     ,SeniorHR
Tcs0        ,Tcs 118,Tcs    ,Tcs26  ,MANAGEMENT,SeniorHR
Tcs31       ,Tcs 119,Tcs    ,Tcs14  ,TESTING,HR     
Tcs9        ,Tcs 120,Tcs    ,Tcs29  ,HR     ,HR     
Tcs12       ,Tcs 121,Tcs    ,Tcs0   ,TESTING,QA     
Tcs4        ,Tcs 122,Tcs    ,Tcs1   ,MANAGEMENT,HR     
Tcs14       ,Tcs 123,Tcs    ,Tcs17  ,TESTING,HR     
Tcs11       ,Tcs 124,Tcs    ,Tcs4   ,DEV    ,QA     
Tcs30       ,Tcs 125,Tcs    ,Tcs29  ,HR     ,QA     
Tcs23       ,Tcs 126,Tcs    ,Tcs24  ,DEV    ,SeniorHR
Tcs8        ,Tcs 127,Tcs    ,Tcs32  ,TESTING,SeniorHR
Tcs19       ,Tcs 128,Tcs    ,Tcs5   ,HR     ,SeniorHR
Tcs3        ,Tcs 129,Tcs    ,Tcs27  ,HR     ,HR     
Tcs8        ,Tcs 130,Tcs    ,Tcs8   ,MANAGEMENT,SeniorHR
Tcs3        ,Tcs 131,Tcs    ,Tcs15  ,HR     ,SeniorHR
Tcs10       ,Tcs 132,Tcs    ,Tcs18  ,HR     ,QA     
Tcs3        ,Tcs 133,Tcs    ,Tcs19  ,DEV    ,SeniorHR
Tcs28       ,Tcs 134,Tcs    ,Tcs3   ,QA     ,SOFTWATEDEVELOPER
Tcs20       ,Tcs 135,Tcs    ,Tcs31  ,QA     ,Junior 
Tcs18       ,Tcs 136,Tcs    ,Tcs15  ,QA     ,HR     
Tcs15       ,Tcs 137,Tcs    ,Tcs29  ,DEV    ,SeniorHR
Tcs32       ,Tcs 138,Tcs    ,Tcs3   ,QA     ,SOFTWATEDEVELOPER
Tcs32       ,Tcs 139,Tcs    ,Tcs14  ,MANAGEMENT,HR     
Tcs20       ,Tcs 140,Tcs    ,Tcs29  ,DEV    ,SOFTWATEDEVELOPER
Tcs30       ,Tcs 141,Tcs    ,Tcs21  ,DEV    ,Junior 
Tcs28       ,Tcs 142,Tcs    ,Tcs21  ,QA     ,QA     
Tcs4        ,Tcs 143,Tcs    ,Tcs16  ,TESTING,HR     
Tcs19       ,Tcs 144,Tcs    ,Tcs25  ,HR     ,SOFTWATEDEVELOPER
Tcs25       ,Tcs 145,Tcs    ,Tcs27  ,HR     ,SeniorHR
Tcs8        ,Tcs 146,Tcs    ,Tcs17  ,MANAGEMENT,QA     
Tcs30       ,Tcs 147,Tcs    ,Tcs20  ,TESTING,SeniorHR
Tcs8        ,Tcs 148,Tcs    ,Tcs14  ,MANAGEMENT,SOFTWATEDEVELOPER
Tcs24       ,Tcs 149,Tcs    ,Tcs31  ,DEV    ,QA     
Tcs2        ,Tcs 150,Tcs    ,Tcs22  ,TESTING,QA     
Tcs5        ,Tcs 151,Tcs    ,Tcs9   ,DEV    ,SeniorHR
Tcs17       ,Tcs 152,Tcs    ,Tcs11  ,HR     ,HR     
Tcs14       ,Tcs 153,Tcs    ,Tcs6   ,TESTING,SOFTWATEDEVELOPER
Tcs28       ,Tcs 154,Tcs    ,Tcs26  ,TESTING,HR     
Tcs26       ,Tcs 155,Tcs    ,Tcs12  ,HR     ,HR     
Tcs7        ,Tcs 156,Tcs    ,Tcs9   ,QA     ,SOFTWATEDEVELOPER
Tcs17       ,Tcs 157,Tcs    ,Tcs27  ,TESTING,SOFTWATEDEVELOPER
Tcs17       ,Tcs 158,Tcs    ,Tcs3   ,TESTING,Junior 
Tcs13       ,Tcs 159,Tcs    ,Tcs6   ,DEV    ,QA     
Tcs4        ,Tcs 160,Tcs    ,Tcs11  ,TESTING,SeniorHR
Tcs17       ,Tcs 161,Tcs    ,Tcs6   ,MANAGEMENT,Junior 
Tcs31       ,Tcs 162,Tcs    ,Tcs6   ,MANAGEMENT,QA     
Tcs16       ,Tcs 163,Tcs    ,Tcs27  ,HR     ,SOFTWATEDEVELOPER
Tcs20       ,Tcs 164,Tcs    ,Tcs5   ,TESTING,QA     
Tcs19       ,Tcs 165,Tcs    ,Tcs22  ,MANAGEMENT,SOFTWATEDEVELOPER
Tcs25       ,Tcs 166,Tcs    ,Tcs15  ,QA     ,HR     
Tcs20       ,Tcs 167,Tcs    ,Tcs12  ,DEV    ,SOFTWATEDEVELOPER
Tcs17       ,Tcs 168,Tcs    ,Tcs15  ,DEV    ,SeniorHR
Tcs31       ,Tcs 169,Tcs    ,Tcs15  ,QA     ,Junior 
Tcs10       ,Tcs 170,Tcs    ,Tcs22  ,QA     ,HR     
Tcs31       ,Tcs 171,Tcs    ,Tcs20  ,HR     ,SOFTWATEDEVELOPER
Tcs0        ,Tcs 172,Tcs    ,Tcs29  ,TESTING,HR     
Tcs19       ,Tcs 173,Tcs    ,Tcs12  ,DEV    ,SeniorHR
Tcs12       ,Tcs 174,Tcs    ,Tcs24  ,MANAGEMENT,Junior 
Tcs17       ,Tcs 175,Tcs    ,Tcs20  ,TESTING,SeniorHR
Tcs26       ,Tcs 176,Tcs    ,Tcs6   ,TESTING,Junior 
Tcs19       ,Tcs 177,Tcs    ,Tcs20  ,QA     ,Junior 
Tcs15       ,Tcs 178,Tcs    ,Tcs19  ,TESTING,QA     
Tcs30       ,Tcs 179,Tcs    ,Tcs20  ,QA     ,Junior 
Tcs10       ,Tcs 180,Tcs    ,Tcs32  ,DEV    ,SOFTWATEDEVELOPER
Tcs30       ,Tcs 181,Tcs    ,Tcs4   ,HR     ,Junior 
Tcs3        ,Tcs 182,Tcs    ,Tcs25  ,HR     ,Junior 
Tcs21       ,Tcs 183,Tcs    ,Tcs21  ,TESTING,SOFTWATEDEVELOPER
Tcs7        ,Tcs 184,Tcs    ,Tcs5   ,TESTING,SOFTWATEDEVELOPER
Tcs6        ,Tcs 185,Tcs    ,Tcs4   ,HR     ,HR     
Tcs5        ,Tcs 186,Tcs    ,Tcs9   ,QA     ,Junior 
Tcs27       ,Tcs 187,Tcs    ,Tcs16  ,TESTING,SOFTWATEDEVELOPER
Tcs0        ,Tcs 188,Tcs    ,Tcs21  ,QA     ,SeniorHR
Tcs9        ,Tcs 189,Tcs    ,Tcs23  ,QA     ,SOFTWATEDEVELOPER
Tcs4        ,Tcs 190,Tcs    ,Tcs9   ,MANAGEMENT,QA     
Tcs17       ,Tcs 191,Tcs    ,Tcs18  ,TESTING,SOFTWATEDEVELOPER
Tcs3        ,Tcs 192,Tcs    ,Tcs27  ,QA     ,SOFTWATEDEVELOPER
Tcs4        ,Tcs 193,Tcs    ,Tcs32  ,MANAGEMENT,Junior 
Tcs28       ,Tcs 194,Tcs    ,Tcs30  ,TESTING,SOFTWATEDEVELOPER
Tcs12       ,Tcs 195,Tcs    ,Tcs1   ,DEV    ,SOFTWATEDEVELOPER
Tcs6        ,Tcs 196,Tcs    ,Tcs10  ,HR     ,QA     
Tcs30       ,Tcs 197,Tcs    ,Tcs31  ,TESTING,SeniorHR
Tcs17       ,Tcs 198,Tcs    ,Tcs27  ,QA     ,QA     
Tcs7        ,Tcs 199,Tcs    ,Tcs9   ,MANAGEMENT,SOFTWATEDEVELOPER
Tcs26       ,Tcs 200,Tcs    ,Tcs32  ,MANAGEMENT,Junior 
